Keith Urban Lyrics,https://www.azlyrics.com/u/urban.html
Sons Of The East Lyrics,https://www.azlyrics.com/s/sonsoftheeast.html
ELHAE Lyrics,https://www.azlyrics.com/e/elhae.html
Lucy Rose Lyrics,https://www.azlyrics.com/l/lucyrose.html
Odezenne Lyrics,https://www.azlyrics.com/o/odezenne.html
MoStack Lyrics,https://www.azlyrics.com/m/mostack.html
Social Repose Lyrics,https://www.azlyrics.com/s/socialrepose.html
Alejandra Guzman Lyrics,https://www.azlyrics.com/a/alejandraguzman.html
Peter Tosh Lyrics,https://www.azlyrics.com/p/petertosh.html
The Spencer Davis Group Lyrics,https://www.azlyrics.com/s/spencerdavisgroup.html
Freelance Whales Lyrics,https://www.azlyrics.com/f/freelancewhales.html
Lamb Lyrics,https://www.azlyrics.com/l/lamb.html
Korpiklaani Lyrics,https://www.azlyrics.com/k/korpiklaani.html
MC Du Black Lyrics,https://www.azlyrics.com/m/mcdublack.html
J Boog Lyrics,https://www.azlyrics.com/j/jboog.html
KESI Lyrics,https://www.azlyrics.com/k/kesi.html
Kris Wu Lyrics,https://www.azlyrics.com/k/kriswu.html
Maggie Lindemann Lyrics,https://www.azlyrics.com/m/maggielindemann.html
Kunto Aji Lyrics,https://www.azlyrics.com/k/kuntoaji.html
Ayumi Hamasaki Lyrics,https://www.azlyrics.com/a/ayumihamasaki.html
Caught A Ghost Lyrics,https://www.azlyrics.com/c/caughtaghost.html
Brenda Lee Lyrics,https://www.azlyrics.com/b/brendalee.html
Debbie Gibson Lyrics,https://www.azlyrics.com/d/debbiegibson.html
Miranda Lambert Lyrics,https://www.azlyrics.com/m/mirandalambert.html
Roy Blair Lyrics,https://www.azlyrics.com/r/royblair.html
Kiya Juliet Lyrics,https://www.azlyrics.com/k/kiyajuliet.html
Joyce Jonathan Lyrics,https://www.azlyrics.com/j/joycejonathan.html
Ollie MN Lyrics,https://www.azlyrics.com/o/olliemn.html
Only The Young Lyrics,https://www.azlyrics.com/o/onlytheyoung.html
Dan Mangan Lyrics,https://www.azlyrics.com/d/danmangan.html
Union J Lyrics,https://www.azlyrics.com/u/unionj.html
Panama Lyrics,https://www.azlyrics.com/p/panama.html
Housefires Lyrics,https://www.azlyrics.com/h/housefires.html
DJ SpinKing Lyrics,https://www.azlyrics.com/d/djspinking.html
CMH Lyrics,https://www.azlyrics.com/c/cmh.html
ONUKA Lyrics,https://www.azlyrics.com/o/onuka.html
Train Lyrics,https://www.azlyrics.com/t/train.html
Sam The Sham And The Pharaohs Lyrics,https://www.azlyrics.com/s/samtheshamandthepharaohs.html
NAV Lyrics,https://www.azlyrics.com/n/nav.html
Ember Island Lyrics,https://www.azlyrics.com/e/emberisland.html
