03 Greedo,https://www.azlyrics.com/19/03greedo.html
070 Shake,https://www.azlyrics.com/19/070shake.html
10000 Maniacs,https://www.azlyrics.com/19/10000.html
100 Blaze,https://www.azlyrics.com/19/100blaze.html
100 gecs,https://www.azlyrics.com/19/100gecs.html
102 Boyz,https://www.azlyrics.com/19/102boyz.html
104,https://www.azlyrics.com/19/104.html
10AGE,https://www.azlyrics.com/19/10age.html
10cc,https://www.azlyrics.com/19/10cc.html
10cm,https://www.azlyrics.com/19/10cm.html
10k.Caash,https://www.azlyrics.com/19/10kcaash.html
10 Years,https://www.azlyrics.com/19/10years.html
11:11,https://www.azlyrics.com/19/1111.html
112,https://www.azlyrics.com/19/112.html
116 Clique,https://www.azlyrics.com/19/116clique.html
12 Stones,https://www.azlyrics.com/19/12stones.html
13 Block,https://www.azlyrics.com/19/13block.html
13 Organis√©,https://www.azlyrics.com/19/13organise.html
169,https://www.azlyrics.com/19/169.html
187 Strassenbande,https://www.azlyrics.com/19/187strassenbande.html
18 Karat,https://www.azlyrics.com/19/18karat.html
"1975, The",https://www.azlyrics.com/19/1975.html
1.Cuz,https://www.azlyrics.com/19/1cuz.html
1 Hour Band,https://www.azlyrics.com/19/1hourband.html
1K Phew,https://www.azlyrics.com/19/1kphew.html
1TakeJay,https://www.azlyrics.com/19/1takejay.html
1TEAM,https://www.azlyrics.com/19/1team.html
1THE9,https://www.azlyrics.com/19/1the9.html
213,https://www.azlyrics.com/19/213.html
21 District,https://www.azlyrics.com/19/21district.html
21 Savage,https://www.azlyrics.com/19/21savage.html
22Gz,https://www.azlyrics.com/19/22gz.html
23 Unofficial,https://www.azlyrics.com/19/23unofficial.html
24hrs,https://www.azlyrics.com/19/24hrs.html
24kGoldn,https://www.azlyrics.com/19/24kgoldn.html
25/17,https://www.azlyrics.com/19/2517.html
257ers,https://www.azlyrics.com/19/257ers.html
27CLUB,https://www.azlyrics.com/19/27club.html
28 Days,https://www.azlyrics.com/19/28days.html
2AM Club,https://www.azlyrics.com/19/2amclub.html
2Baba,https://www.azlyrics.com/19/2baba.html
2Be3,https://www.azlyrics.com/19/2be3.html
2 Chainz,https://www.azlyrics.com/19/2chainz.html
2-Crucial,https://www.azlyrics.com/19/2crucial.html
2face Idibia,https://www.azlyrics.com/19/2faceidibia.html
2gether,https://www.azlyrics.com/19/2gether.html
2KBABY,https://www.azlyrics.com/19/2kbaby.html
"2 Live Crew, The",https://www.azlyrics.com/19/2livecrew.html
2NE1,https://www.azlyrics.com/19/2ne1.html
2Pac,https://www.azlyrics.com/19/2pac.html
2Scratch,https://www.azlyrics.com/19/2scratch.html
2TH,https://www.azlyrics.com/19/2th.html
2 Unlimited,https://www.azlyrics.com/19/2unlimited.html
2Virgins,https://www.azlyrics.com/19/2virgins.html
30 Deep Grimeyy,https://www.azlyrics.com/19/30deepgrimeyy.html
311,https://www.azlyrics.com/19/311.html
32 Leaves,https://www.azlyrics.com/19/32leaves.html
347aidan,https://www.azlyrics.com/19/347aidan.html
360,https://www.azlyrics.com/19/360.html
36 Crazyfists,https://www.azlyrics.com/19/36crazyfists.html
38 Special,https://www.azlyrics.com/19/38special.html
3BallMTY,https://www.azlyrics.com/19/3ballmty.html
3 Composers,https://www.azlyrics.com/19/3composers.html
3 Doors Down,https://www.azlyrics.com/19/3doors.html
3LAU,https://www.azlyrics.com/19/3lau.html
3LW,https://www.azlyrics.com/19/3lw.html
3 Of A Kind,https://www.azlyrics.com/19/3ofakind.html
3OH!3,https://www.azlyrics.com/19/3oh3.html
3RACHA,https://www.azlyrics.com/19/3racha.html
3rd Edge,https://www.azlyrics.com/19/3rdedge.html
3rd Storee,https://www.azlyrics.com/19/3rdstoree.html
3rd Strike,https://www.azlyrics.com/19/3rdstrike.html
3robi,https://www.azlyrics.com/19/3robi.html
3T,https://www.azlyrics.com/19/3t.html
3TEETH,https://www.azlyrics.com/19/3teeth.html
3YE,https://www.azlyrics.com/19/3ye.html
40 Below Summer,https://www.azlyrics.com/19/40below.html
"411, The",https://www.azlyrics.com/19/411.html
42 Dugg,https://www.azlyrics.com/19/42dugg.html
+44,https://www.azlyrics.com/19/44.html
47ter,https://www.azlyrics.com/19/47ter.html
4B,https://www.azlyrics.com/19/4b.html
4Keus,https://www.azlyrics.com/19/4keus.html
4Minute,https://www.azlyrics.com/19/4minute.html
4 Non Blondes,https://www.azlyrics.com/19/4nonblondes.html
504 Boyz,https://www.azlyrics.com/19/504boyz.html
50 Cent,https://www.azlyrics.com/19/50cent.html
5 After Midnight,https://www.azlyrics.com/19/5aftermidnight.html
5ive,https://www.azlyrics.com/19/5ive.html
5Quad,https://www.azlyrics.com/19/5quad.html
5 Seconds Of Summer,https://www.azlyrics.com/19/5secondsofsummer.html
"5th Dimension, The",https://www.azlyrics.com/19/5thdimension.html
600Breezy,https://www.azlyrics.com/19/600breezy.html
645AR,https://www.azlyrics.com/19/645ar.html
67,https://www.azlyrics.com/19/67.html
69 Boyz,https://www.azlyrics.com/19/69boyz.html
"69 Eyes, The",https://www.azlyrics.com/19/69eyes.html
6cyclemind,https://www.azlyrics.com/19/6cyclemind.html
6 Dogs,https://www.azlyrics.com/19/6dogs.html
6ix9ine,https://www.azlyrics.com/19/6ix9ine.html
6LACK,https://www.azlyrics.com/19/6lack.html
6o,https://www.azlyrics.com/19/6o.html
6obby,https://www.azlyrics.com/19/6obby.html
702,https://www.azlyrics.com/19/702.html
78violet,https://www.azlyrics.com/19/78violet.html
7eventh Time Down,https://www.azlyrics.com/19/7eventhtimedown.html
7Lions,https://www.azlyrics.com/19/7lions.html
7 Minutes In Heaven,https://www.azlyrics.com/19/7minutesinheaven.html
7ru7h,https://www.azlyrics.com/19/7ru7h.html
888,https://www.azlyrics.com/19/888.html
88GLAM,https://www.azlyrics.com/19/88glam.html
88-Keys,https://www.azlyrics.com/19/88keys.html
88rising,https://www.azlyrics.com/19/88rising.html
"88, The",https://www.azlyrics.com/19/88.html
8Ball & MJG,https://www.azlyrics.com/19/8ballmjg.html
8 Graves,https://www.azlyrics.com/19/8graves.html
911,https://www.azlyrics.com/19/911.html
93FEETOFSMOKE,https://www.azlyrics.com/19/93feetofsmoke.html
98 Degrees,https://www.azlyrics.com/19/98degrees.html
99 Percent,https://www.azlyrics.com/19/99percent.html
99 Souls,https://www.azlyrics.com/19/99souls.html
9TAILS,https://www.azlyrics.com/19/9tails.html
