Żabson,https://www.azlyrics.com/z/zabson.html
Zacari,https://www.azlyrics.com/z/zacari.html
Zac Brown Band,https://www.azlyrics.com/z/zacbrownband.html
Zachary Knowles,https://www.azlyrics.com/z/zacharyknowles.html
Zach Bryan,https://www.azlyrics.com/z/zachbryan.html
Zach Callison,https://www.azlyrics.com/z/zachcallison.html
Zach Clayton,https://www.azlyrics.com/z/zachclayton.html
Zach Herron,https://www.azlyrics.com/z/zachherron.html
Zach Sobiech,https://www.azlyrics.com/z/zachsobiech.html
Zach Williams,https://www.azlyrics.com/z/zachwilliams.html
Zack De La Rocha,https://www.azlyrics.com/z/zackdelarocha.html
Zack Fox,https://www.azlyrics.com/z/zackfox.html
Zack Knight,https://www.azlyrics.com/z/zackknight.html
Zack Villere,https://www.azlyrics.com/z/zackvillere.html
"Zagado, Kyle",https://www.azlyrics.com/k/kylezagado.html
Zager & Evans,https://www.azlyrics.com/z/zagerevans.html
Zahara,https://www.azlyrics.com/z/zahara.html
Zaho,https://www.azlyrics.com/z/zaho.html
"Zain, Maher",https://www.azlyrics.com/m/maherzain.html
Zak Abel,https://www.azlyrics.com/z/zakabel.html
Zakk Wylde,https://www.azlyrics.com/z/zakkwylde.html
Zane Hijazi,https://www.azlyrics.com/z/zanehijazi.html
"Zanetti, Tom",https://www.azlyrics.com/t/tomzanetti.html
Zapp,https://www.azlyrics.com/z/zapp.html
"Zappa, Frank",https://www.azlyrics.com/f/frankzappa.html
Zara Larsson,https://www.azlyrics.com/z/zaralarsson.html
"Zasimauskaitė, Ieva",https://www.azlyrics.com/i/ievazasimauskait.html
Zate,https://www.azlyrics.com/z/zate.html
Zayde Wolf,https://www.azlyrics.com/z/zaydewolf.html
Zay Hilfigerrr,https://www.azlyrics.com/z/zayhilfigerrr.html
ZAYN,https://www.azlyrics.com/z/zaynmalik.html
Zaytoven,https://www.azlyrics.com/z/zaytoven.html
Zaz,https://www.azlyrics.com/z/zaz.html
Z.E,https://www.azlyrics.com/z/ze.html
Zeal & Ardor,https://www.azlyrics.com/z/zealardor.html
Zeamsone,https://www.azlyrics.com/z/zeamsone.html
Zebra,https://www.azlyrics.com/z/zebra.html
Zebrahead,https://www.azlyrics.com/z/zebrahead.html
Zedd,https://www.azlyrics.com/z/zedd.html
Zeds Dead,https://www.azlyrics.com/z/zedsdead.html
Zed Zilla,https://www.azlyrics.com/z/zedzilla.html
Zee Avi,https://www.azlyrics.com/z/zeeavi.html
ZeGuerre,https://www.azlyrics.com/z/zeguerre.html
Zehra,https://www.azlyrics.com/z/zehra.html
Zella Day,https://www.azlyrics.com/z/zelladay.html
"Zelmerlöw, Måns",https://www.azlyrics.com/m/mnszelmerlw.html
ZENA,https://www.azlyrics.com/z/zena.html
Zendaya,https://www.azlyrics.com/z/zendaya.html
Zé Neto & Cristiano,https://www.azlyrics.com/z/znetocristiano.html
Zephanie,https://www.azlyrics.com/z/zephanie.html
Zero 7,https://www.azlyrics.com/z/zero7.html
"Zevon, Warren",https://www.azlyrics.com/w/warrenzevon.html
Zeynep Bastık,https://www.azlyrics.com/z/zeynepbastk.html
Zhane,https://www.azlyrics.com/z/zhane.html
"Zhang, Jane",https://www.azlyrics.com/j/janezhang.html
Zhavia Ward,https://www.azlyrics.com/z/zhavia.html
Zheani,https://www.azlyrics.com/z/zheani.html
ZHU,https://www.azlyrics.com/z/zhu.html
Zico,https://www.azlyrics.com/z/zico.html
"Ziegler, Mackenzie",https://www.azlyrics.com/m/mackenzieziegler.html
ZieZie,https://www.azlyrics.com/z/ziezie.html
Ziggy Alberts,https://www.azlyrics.com/z/ziggyalberts.html
Ziggy Marley,https://www.azlyrics.com/z/ziggymarley.html
ZillaKami,https://www.azlyrics.com/z/zillakami.html
Zion,https://www.azlyrics.com/z/zion.html
Zion & Lennox,https://www.azlyrics.com/z/zionlennox.html
Zion.T,https://www.azlyrics.com/z/ziont.html
Ziva Magnolya,https://www.azlyrics.com/z/zivamagnolya.html
Zivert,https://www.azlyrics.com/z/zivert.html
Zoda,https://www.azlyrics.com/z/zoda.html
Zoe,https://www.azlyrics.com/z/zoe.html
ZOEgirl,https://www.azlyrics.com/z/zoegirl.html
Zoe Wees,https://www.azlyrics.com/z/zoewees.html
"Zogbi, Luciana",https://www.azlyrics.com/l/lucianazogbi.html
Zola Jesus,https://www.azlyrics.com/z/zolajesus.html
Zolita,https://www.azlyrics.com/z/zolita.html
Zo,https://www.azlyrics.com/z/zo.html
"Zombie, Rob",https://www.azlyrics.com/z/zombie.html
Zombies Cast,https://www.azlyrics.com/z/zombiescast.html
"Zombies, The",https://www.azlyrics.com/z/zombies.html
Zomb (Зомб),https://www.azlyrics.com/z/zomb.html
Zone 2,https://www.azlyrics.com/z/zone2.html
Zonke,https://www.azlyrics.com/z/zonke.html
Zonnique,https://www.azlyrics.com/z/zonnique.html
Zookeepers,https://www.azlyrics.com/z/zookeepers.html
"Zouaï, Lolo",https://www.azlyrics.com/l/lolozouai.html
ZOX,https://www.azlyrics.com/z/zox.html
Z-Ro,https://www.azlyrics.com/z/zro.html
"Zschech, Darlene",https://www.azlyrics.com/d/darlenezschech.html
Zucchero,https://www.azlyrics.com/z/zucchero.html
"Zucker, Jeremy",https://www.azlyrics.com/j/jeremyzucker.html
Zug Izland,https://www.azlyrics.com/z/zugizland.html
Zuna,https://www.azlyrics.com/z/zuna.html
Zuse,https://www.azlyrics.com/z/zuse.html
"Zutons, The",https://www.azlyrics.com/z/zutons.html
Zwan,https://www.azlyrics.com/z/zwan.html
Zwangere Guy,https://www.azlyrics.com/z/zwangereguy.html
"Zyrus, Jake",https://www.azlyrics.com/j/jakezyrus.html
ZZ Top,https://www.azlyrics.com/z/zztop.html
ZZ Ward,https://www.azlyrics.com/z/zzward.html
Żabson,https://www.azlyrics.com/z/zabson.html
Zacari,https://www.azlyrics.com/z/zacari.html
Zac Brown Band,https://www.azlyrics.com/z/zacbrownband.html
Zachary Knowles,https://www.azlyrics.com/z/zacharyknowles.html
Zach Bryan,https://www.azlyrics.com/z/zachbryan.html
Zach Callison,https://www.azlyrics.com/z/zachcallison.html
Zach Clayton,https://www.azlyrics.com/z/zachclayton.html
Zach Herron,https://www.azlyrics.com/z/zachherron.html
Zach Sobiech,https://www.azlyrics.com/z/zachsobiech.html
Zach Williams,https://www.azlyrics.com/z/zachwilliams.html
Zack De La Rocha,https://www.azlyrics.com/z/zackdelarocha.html
Zack Fox,https://www.azlyrics.com/z/zackfox.html
Zack Knight,https://www.azlyrics.com/z/zackknight.html
Zack Villere,https://www.azlyrics.com/z/zackvillere.html
"Zagado, Kyle",https://www.azlyrics.com/k/kylezagado.html
Zager & Evans,https://www.azlyrics.com/z/zagerevans.html
Zahara,https://www.azlyrics.com/z/zahara.html
Zaho,https://www.azlyrics.com/z/zaho.html
"Zain, Maher",https://www.azlyrics.com/m/maherzain.html
Zak Abel,https://www.azlyrics.com/z/zakabel.html
Zakk Wylde,https://www.azlyrics.com/z/zakkwylde.html
Zane Hijazi,https://www.azlyrics.com/z/zanehijazi.html
"Zanetti, Tom",https://www.azlyrics.com/t/tomzanetti.html
Zapp,https://www.azlyrics.com/z/zapp.html
"Zappa, Frank",https://www.azlyrics.com/f/frankzappa.html
Zara Larsson,https://www.azlyrics.com/z/zaralarsson.html
"Zasimauskaitė, Ieva",https://www.azlyrics.com/i/ievazasimauskait.html
Zate,https://www.azlyrics.com/z/zate.html
Zayde Wolf,https://www.azlyrics.com/z/zaydewolf.html
Zay Hilfigerrr,https://www.azlyrics.com/z/zayhilfigerrr.html
ZAYN,https://www.azlyrics.com/z/zaynmalik.html
Zaytoven,https://www.azlyrics.com/z/zaytoven.html
Zaz,https://www.azlyrics.com/z/zaz.html
Z.E,https://www.azlyrics.com/z/ze.html
Zeal & Ardor,https://www.azlyrics.com/z/zealardor.html
Zeamsone,https://www.azlyrics.com/z/zeamsone.html
Zebra,https://www.azlyrics.com/z/zebra.html
Zebrahead,https://www.azlyrics.com/z/zebrahead.html
Zedd,https://www.azlyrics.com/z/zedd.html
Zeds Dead,https://www.azlyrics.com/z/zedsdead.html
Zed Zilla,https://www.azlyrics.com/z/zedzilla.html
Zee Avi,https://www.azlyrics.com/z/zeeavi.html
ZeGuerre,https://www.azlyrics.com/z/zeguerre.html
Zehra,https://www.azlyrics.com/z/zehra.html
Zella Day,https://www.azlyrics.com/z/zelladay.html
"Zelmerlöw, Måns",https://www.azlyrics.com/m/mnszelmerlw.html
ZENA,https://www.azlyrics.com/z/zena.html
Zendaya,https://www.azlyrics.com/z/zendaya.html
Zé Neto & Cristiano,https://www.azlyrics.com/z/znetocristiano.html
Zephanie,https://www.azlyrics.com/z/zephanie.html
Zero 7,https://www.azlyrics.com/z/zero7.html
"Zevon, Warren",https://www.azlyrics.com/w/warrenzevon.html
Zeynep Bastık,https://www.azlyrics.com/z/zeynepbastk.html
Zhane,https://www.azlyrics.com/z/zhane.html
"Zhang, Jane",https://www.azlyrics.com/j/janezhang.html
Zhavia Ward,https://www.azlyrics.com/z/zhavia.html
Zheani,https://www.azlyrics.com/z/zheani.html
ZHU,https://www.azlyrics.com/z/zhu.html
Zico,https://www.azlyrics.com/z/zico.html
"Ziegler, Mackenzie",https://www.azlyrics.com/m/mackenzieziegler.html
ZieZie,https://www.azlyrics.com/z/ziezie.html
Ziggy Alberts,https://www.azlyrics.com/z/ziggyalberts.html
Ziggy Marley,https://www.azlyrics.com/z/ziggymarley.html
ZillaKami,https://www.azlyrics.com/z/zillakami.html
Zion,https://www.azlyrics.com/z/zion.html
Zion & Lennox,https://www.azlyrics.com/z/zionlennox.html
Zion.T,https://www.azlyrics.com/z/ziont.html
Ziva Magnolya,https://www.azlyrics.com/z/zivamagnolya.html
Zivert,https://www.azlyrics.com/z/zivert.html
Zoda,https://www.azlyrics.com/z/zoda.html
Zoe,https://www.azlyrics.com/z/zoe.html
ZOEgirl,https://www.azlyrics.com/z/zoegirl.html
Zoe Wees,https://www.azlyrics.com/z/zoewees.html
"Zogbi, Luciana",https://www.azlyrics.com/l/lucianazogbi.html
Zola Jesus,https://www.azlyrics.com/z/zolajesus.html
Zolita,https://www.azlyrics.com/z/zolita.html
Zo,https://www.azlyrics.com/z/zo.html
"Zombie, Rob",https://www.azlyrics.com/z/zombie.html
Zombies Cast,https://www.azlyrics.com/z/zombiescast.html
"Zombies, The",https://www.azlyrics.com/z/zombies.html
Zomb (Зомб),https://www.azlyrics.com/z/zomb.html
Zone 2,https://www.azlyrics.com/z/zone2.html
Zonke,https://www.azlyrics.com/z/zonke.html
Zonnique,https://www.azlyrics.com/z/zonnique.html
Zookeepers,https://www.azlyrics.com/z/zookeepers.html
"Zouaï, Lolo",https://www.azlyrics.com/l/lolozouai.html
ZOX,https://www.azlyrics.com/z/zox.html
Z-Ro,https://www.azlyrics.com/z/zro.html
"Zschech, Darlene",https://www.azlyrics.com/d/darlenezschech.html
Zucchero,https://www.azlyrics.com/z/zucchero.html
"Zucker, Jeremy",https://www.azlyrics.com/j/jeremyzucker.html
Zug Izland,https://www.azlyrics.com/z/zugizland.html
Zuna,https://www.azlyrics.com/z/zuna.html
Zuse,https://www.azlyrics.com/z/zuse.html
"Zutons, The",https://www.azlyrics.com/z/zutons.html
Zwan,https://www.azlyrics.com/z/zwan.html
Zwangere Guy,https://www.azlyrics.com/z/zwangereguy.html
"Zyrus, Jake",https://www.azlyrics.com/j/jakezyrus.html
ZZ Top,https://www.azlyrics.com/z/zztop.html
ZZ Ward,https://www.azlyrics.com/z/zzward.html
Żabson,https://www.azlyrics.com/z/zabson.html
Zacari,https://www.azlyrics.com/z/zacari.html
Zac Brown Band,https://www.azlyrics.com/z/zacbrownband.html
Zachary Knowles,https://www.azlyrics.com/z/zacharyknowles.html
Zach Bryan,https://www.azlyrics.com/z/zachbryan.html
Zach Callison,https://www.azlyrics.com/z/zachcallison.html
Zach Clayton,https://www.azlyrics.com/z/zachclayton.html
Zach Herron,https://www.azlyrics.com/z/zachherron.html
Zach Sobiech,https://www.azlyrics.com/z/zachsobiech.html
Zach Williams,https://www.azlyrics.com/z/zachwilliams.html
Zack De La Rocha,https://www.azlyrics.com/z/zackdelarocha.html
Zack Fox,https://www.azlyrics.com/z/zackfox.html
Zack Knight,https://www.azlyrics.com/z/zackknight.html
Zack Villere,https://www.azlyrics.com/z/zackvillere.html
"Zagado, Kyle",https://www.azlyrics.com/k/kylezagado.html
Zager & Evans,https://www.azlyrics.com/z/zagerevans.html
Zahara,https://www.azlyrics.com/z/zahara.html
Zaho,https://www.azlyrics.com/z/zaho.html
"Zain, Maher",https://www.azlyrics.com/m/maherzain.html
Zak Abel,https://www.azlyrics.com/z/zakabel.html
Zakk Wylde,https://www.azlyrics.com/z/zakkwylde.html
Zane Hijazi,https://www.azlyrics.com/z/zanehijazi.html
"Zanetti, Tom",https://www.azlyrics.com/t/tomzanetti.html
Zapp,https://www.azlyrics.com/z/zapp.html
"Zappa, Frank",https://www.azlyrics.com/f/frankzappa.html
Zara Larsson,https://www.azlyrics.com/z/zaralarsson.html
"Zasimauskaitė, Ieva",https://www.azlyrics.com/i/ievazasimauskait.html
Zate,https://www.azlyrics.com/z/zate.html
Zayde Wolf,https://www.azlyrics.com/z/zaydewolf.html
Zay Hilfigerrr,https://www.azlyrics.com/z/zayhilfigerrr.html
ZAYN,https://www.azlyrics.com/z/zaynmalik.html
Zaytoven,https://www.azlyrics.com/z/zaytoven.html
Zaz,https://www.azlyrics.com/z/zaz.html
Z.E,https://www.azlyrics.com/z/ze.html
Zeal & Ardor,https://www.azlyrics.com/z/zealardor.html
Zeamsone,https://www.azlyrics.com/z/zeamsone.html
Zebra,https://www.azlyrics.com/z/zebra.html
Zebrahead,https://www.azlyrics.com/z/zebrahead.html
Zedd,https://www.azlyrics.com/z/zedd.html
Zeds Dead,https://www.azlyrics.com/z/zedsdead.html
Zed Zilla,https://www.azlyrics.com/z/zedzilla.html
Zee Avi,https://www.azlyrics.com/z/zeeavi.html
ZeGuerre,https://www.azlyrics.com/z/zeguerre.html
Zehra,https://www.azlyrics.com/z/zehra.html
Zella Day,https://www.azlyrics.com/z/zelladay.html
"Zelmerlöw, Måns",https://www.azlyrics.com/m/mnszelmerlw.html
ZENA,https://www.azlyrics.com/z/zena.html
Zendaya,https://www.azlyrics.com/z/zendaya.html
Zé Neto & Cristiano,https://www.azlyrics.com/z/znetocristiano.html
Zephanie,https://www.azlyrics.com/z/zephanie.html
Zero 7,https://www.azlyrics.com/z/zero7.html
"Zevon, Warren",https://www.azlyrics.com/w/warrenzevon.html
Zeynep Bastık,https://www.azlyrics.com/z/zeynepbastk.html
Zhane,https://www.azlyrics.com/z/zhane.html
"Zhang, Jane",https://www.azlyrics.com/j/janezhang.html
Zhavia Ward,https://www.azlyrics.com/z/zhavia.html
Zheani,https://www.azlyrics.com/z/zheani.html
ZHU,https://www.azlyrics.com/z/zhu.html
Zico,https://www.azlyrics.com/z/zico.html
"Ziegler, Mackenzie",https://www.azlyrics.com/m/mackenzieziegler.html
ZieZie,https://www.azlyrics.com/z/ziezie.html
Ziggy Alberts,https://www.azlyrics.com/z/ziggyalberts.html
Ziggy Marley,https://www.azlyrics.com/z/ziggymarley.html
ZillaKami,https://www.azlyrics.com/z/zillakami.html
Zion,https://www.azlyrics.com/z/zion.html
Zion & Lennox,https://www.azlyrics.com/z/zionlennox.html
Zion.T,https://www.azlyrics.com/z/ziont.html
Ziva Magnolya,https://www.azlyrics.com/z/zivamagnolya.html
Zivert,https://www.azlyrics.com/z/zivert.html
Zoda,https://www.azlyrics.com/z/zoda.html
Zoe,https://www.azlyrics.com/z/zoe.html
ZOEgirl,https://www.azlyrics.com/z/zoegirl.html
Zoe Wees,https://www.azlyrics.com/z/zoewees.html
"Zogbi, Luciana",https://www.azlyrics.com/l/lucianazogbi.html
Zola Jesus,https://www.azlyrics.com/z/zolajesus.html
Zolita,https://www.azlyrics.com/z/zolita.html
Zo,https://www.azlyrics.com/z/zo.html
"Zombie, Rob",https://www.azlyrics.com/z/zombie.html
Zombies Cast,https://www.azlyrics.com/z/zombiescast.html
"Zombies, The",https://www.azlyrics.com/z/zombies.html
Zomb (Зомб),https://www.azlyrics.com/z/zomb.html
Zone 2,https://www.azlyrics.com/z/zone2.html
Zonke,https://www.azlyrics.com/z/zonke.html
Zonnique,https://www.azlyrics.com/z/zonnique.html
Zookeepers,https://www.azlyrics.com/z/zookeepers.html
"Zouaï, Lolo",https://www.azlyrics.com/l/lolozouai.html
ZOX,https://www.azlyrics.com/z/zox.html
Z-Ro,https://www.azlyrics.com/z/zro.html
"Zschech, Darlene",https://www.azlyrics.com/d/darlenezschech.html
Zucchero,https://www.azlyrics.com/z/zucchero.html
"Zucker, Jeremy",https://www.azlyrics.com/j/jeremyzucker.html
Zug Izland,https://www.azlyrics.com/z/zugizland.html
Zuna,https://www.azlyrics.com/z/zuna.html
Zuse,https://www.azlyrics.com/z/zuse.html
"Zutons, The",https://www.azlyrics.com/z/zutons.html
Zwan,https://www.azlyrics.com/z/zwan.html
Zwangere Guy,https://www.azlyrics.com/z/zwangereguy.html
"Zyrus, Jake",https://www.azlyrics.com/j/jakezyrus.html
ZZ Top,https://www.azlyrics.com/z/zztop.html
ZZ Ward,https://www.azlyrics.com/z/zzward.html
