F4,https://www.azlyrics.com/f/f4.html
Fababy,https://www.azlyrics.com/f/fababy.html
Faber Drive,https://www.azlyrics.com/f/faberdrive.html
"Fabian, Lara",https://www.azlyrics.com/f/fabian.html
Fabian Mazur,https://www.azlyrics.com/f/fabianmazur.html
Fabio Rovazzi,https://www.azlyrics.com/f/fabiorovazzi.html
Fabolous,https://www.azlyrics.com/f/fabolous.html
Fabri Fibra,https://www.azlyrics.com/f/fabrifibra.html
"Fabulous Thunderbirds, The",https://www.azlyrics.com/f/fabulousthunderbirds.html
FACE,https://www.azlyrics.com/f/face.html
"Faces, The",https://www.azlyrics.com/f/faces.html
Face To Face,https://www.azlyrics.com/f/facetoface.html
"Faders, The",https://www.azlyrics.com/f/faders.html
"Fagen, Donald",https://www.azlyrics.com/d/donaldfagen.html
Failure,https://www.azlyrics.com/f/failure.html
"Faim, The",https://www.azlyrics.com/f/faim.html
"Faint, The",https://www.azlyrics.com/f/faint.html
Fairport Convention,https://www.azlyrics.com/f/fairportconvention.html
Fair To Midland,https://www.azlyrics.com/f/fairtomidland.html
Fais,https://www.azlyrics.com/f/fais.html
Faith Evans,https://www.azlyrics.com/e/evans.html
"Faithfull, Marianne",https://www.azlyrics.com/m/mariannefaithfull.html
Faith Hill,https://www.azlyrics.com/f/faithhill.html
Faithless,https://www.azlyrics.com/f/faithless.html
Faith Marie,https://www.azlyrics.com/f/faithmarie.html
Faith No More,https://www.azlyrics.com/f/faithnomore.html
"Faith, Paloma",https://www.azlyrics.com/p/palomafaith.html
"Faiyaz, Brent",https://www.azlyrics.com/b/brentfaiyaz.html
Fake Names,https://www.azlyrics.com/f/fakenames.html
"Faker, Chet",https://www.azlyrics.com/c/chetfaker.html
Faktion,https://www.azlyrics.com/f/faktion.html
Falco,https://www.azlyrics.com/f/falco.html
Falconer,https://www.azlyrics.com/f/falconer.html
"Falcon, Rose",https://www.azlyrics.com/f/falcon.html
Falling In Reverse,https://www.azlyrics.com/f/fallinginreverse.html
Falling Up,https://www.azlyrics.com/f/fallingup.html
"Fall Of Troy, The",https://www.azlyrics.com/f/falloftroy.html
"Fallon, Brian",https://www.azlyrics.com/b/brianfallon.html
"Fallon, Jimmy",https://www.azlyrics.com/f/fallon.html
Fall Out Boy,https://www.azlyrics.com/f/falloutboy.html
Fallujah,https://www.azlyrics.com/f/fallujah.html
Fallulah,https://www.azlyrics.com/f/fallulah.html
Falsettos Cast,https://www.azlyrics.com/f/falsettoscast.html
"Fals, Iwan",https://www.azlyrics.com/i/iwanfals.html
"Fältskog, Agnetha",https://www.azlyrics.com/f/faltskog.html
Falz,https://www.azlyrics.com/f/falz.html
Fame On Fire,https://www.azlyrics.com/f/fameonfire.html
Family Force 5,https://www.azlyrics.com/f/familyforce5.html
Family Of The Year,https://www.azlyrics.com/f/familyoftheyear.html
familypet,https://www.azlyrics.com/f/familypet.html
Famke Louise,https://www.azlyrics.com/f/famkelouise.html
Famous Dex,https://www.azlyrics.com/f/famous-dex.html
Famous Last Words,https://www.azlyrics.com/f/famouslastwords.html
Fan_3,https://www.azlyrics.com/f/fan3.html
FANATICS,https://www.azlyrics.com/f/fanatics.html
Fancy Cars,https://www.azlyrics.com/f/fancycars.html
"Fanning, Bernard",https://www.azlyrics.com/b/bernardfanning.html
FannyPack,https://www.azlyrics.com/f/fannypack.html
Fantasia Barrino,https://www.azlyrics.com/b/barrino.html
Fantastic Negrito,https://www.azlyrics.com/f/fantasticnegrito.html
Faouzia,https://www.azlyrics.com/f/faouzia.html
Fard,https://www.azlyrics.com/f/fard.html
Far East Movement,https://www.azlyrics.com/f/fareastmovement.html
"Fargo, Donna",https://www.azlyrics.com/d/donnafargo.html
Farid Bang,https://www.azlyrics.com/f/faridbang.html
Farina,https://www.azlyrics.com/f/farina.html
"Farley, Charlie",https://www.azlyrics.com/c/charliefarley.html
"Farley, Rachel",https://www.azlyrics.com/r/rachelfarley.html
"Farmer, Mylene",https://www.azlyrics.com/m/mylenefarmer.html
"Farnham, John",https://www.azlyrics.com/j/johnfarnham.html
Faron Young,https://www.azlyrics.com/f/faronyoung.html
"Farrell, Jessie",https://www.azlyrics.com/j/jessiefarrell.html
"Farr, Tyler",https://www.azlyrics.com/t/tylerfarr.html
Farruko,https://www.azlyrics.com/f/farruko.html
Fastball,https://www.azlyrics.com/f/fastball.html
Faster Pussycat,https://www.azlyrics.com/f/fasterpussycat.html
Fat Boys,https://www.azlyrics.com/f/fatboys.html
Fatboy Slim,https://www.azlyrics.com/f/fatboyslim.html
Fat Cat Cinema,https://www.azlyrics.com/f/fatcatcinema.html
Fates Warning,https://www.azlyrics.com/f/fateswarning.html
Fat Freddy's Drop,https://www.azlyrics.com/f/fatfreddysdrop.html
Father,https://www.azlyrics.com/f/father.html
Father John Misty,https://www.azlyrics.com/f/fatherjohnmisty.html
Fatih Bulut,https://www.azlyrics.com/f/fatihbulut.html
Fat Joe,https://www.azlyrics.com/f/fatjoe.html
Fatman Scoop,https://www.azlyrics.com/f/fatmanscoop.html
Fat Nick,https://www.azlyrics.com/f/fatnick.html
Fat Pat,https://www.azlyrics.com/f/fatpat.html
Fats Domino,https://www.azlyrics.com/f/fatsdomino.html
fats'e,https://www.azlyrics.com/f/fatse.html
Fat Trel,https://www.azlyrics.com/f/fattrel.html
Fatty Koo,https://www.azlyrics.com/f/fattykoo.html
"Faulkner, Newton",https://www.azlyrics.com/n/newtonfaulkner.html
Faul & Wad Ad,https://www.azlyrics.com/f/faulwadad.html
Faun,https://www.azlyrics.com/f/faun.html
Faustix,https://www.azlyrics.com/f/faustix.html
Fauve,https://www.azlyrics.com/f/fauve.html
"Favela, Adriel",https://www.azlyrics.com/a/adrielfavela.html
"Favela, Joss",https://www.azlyrics.com/j/jossfavela.html
"Faviere, Joel",https://www.azlyrics.com/j/joelfaviere.html
Faydee,https://www.azlyrics.com/f/faydee.html
Faye Webster,https://www.azlyrics.com/f/fayewebster.html
Fazer,https://www.azlyrics.com/f/fazer.html
Fazerdaze,https://www.azlyrics.com/f/fazerdaze.html
FBC,https://www.azlyrics.com/f/fbc.html
FBG Duck,https://www.azlyrics.com/f/fbgduck.html
FDVM,https://www.azlyrics.com/f/fdvm.html
Fear Factory,https://www.azlyrics.com/f/fearfactory.html
Fearless Vampire Killers,https://www.azlyrics.com/f/fearlessvampirekillers.html
.Feast,https://www.azlyrics.com/f/feast.html
"Features, The",https://www.azlyrics.com/f/features.html
"Febian, Rizky",https://www.azlyrics.com/r/rizkyfebian.html
Feby Putri,https://www.azlyrics.com/f/febyputri.html
Feder,https://www.azlyrics.com/f/feder.html
"Federal Empire, The",https://www.azlyrics.com/f/federalempire.html
"Federline, Kevin",https://www.azlyrics.com/k/kevinfederline.html
Fedez,https://www.azlyrics.com/f/fedez.html
Feduk,https://www.azlyrics.com/f/feduk.html
Feeder,https://www.azlyrics.com/f/feeder.html
"Feehily, Markus",https://www.azlyrics.com/m/markusfeehily.html
"Feeling, The",https://www.azlyrics.com/f/feeling.html
Fefe Dobson,https://www.azlyrics.com/d/dobson.html
"Fegan, Roshon",https://www.azlyrics.com/r/roshonfegan.html
Feid,https://www.azlyrics.com/f/feid.html
Feint,https://www.azlyrics.com/f/feint.html
Feist,https://www.azlyrics.com/f/feist.html
"Feldt, Sam",https://www.azlyrics.com/s/samfeldt.html
"Felice Brothers, The",https://www.azlyrics.com/f/felicebrothers.html
"Feliciano, Jose",https://www.azlyrics.com/j/josefeliciano.html
Felipe Pelaez,https://www.azlyrics.com/f/felipepelaez.html
Felix Cartal,https://www.azlyrics.com/f/felixcartal.html
Felix Jaehn,https://www.azlyrics.com/f/felixjaehn.html
Felix Sandman,https://www.azlyrics.com/f/felixsandman.html
"Feliz, Jordan",https://www.azlyrics.com/j/jordanfeliz.html
Felly,https://www.azlyrics.com/f/felly.html
Fences,https://www.azlyrics.com/f/fences.html
"Fender, Sam",https://www.azlyrics.com/s/samfender.html
Feng Suave,https://www.azlyrics.com/f/fengsuave.html
Fenix TX,https://www.azlyrics.com/f/fenixtx.html
Fenne Lily,https://www.azlyrics.com/f/fennelily.html
Fergie,https://www.azlyrics.com/f/fergie.html
"Ferguson, Rebecca",https://www.azlyrics.com/r/rebeccaferguson.html
Feride Hilal Akın,https://www.azlyrics.com/f/feridehilalakn.html
Fern.,https://www.azlyrics.com/f/fern.html
"Fernandes, Danny",https://www.azlyrics.com/d/dannyfernandes.html
"Fernandez, Alejandro",https://www.azlyrics.com/a/alejandrofernandez.html
"Fernandez, Vicente",https://www.azlyrics.com/v/vicentefernandez.html
Fero47,https://www.azlyrics.com/f/fero47.html
"Ferraro, Bella",https://www.azlyrics.com/b/bellaferraro.html
Ferras,https://www.azlyrics.com/f/ferras.html
"Ferreira, Sky",https://www.azlyrics.com/s/skyferreira.html
"Ferro, Tiziano",https://www.azlyrics.com/f/ferro.html
"Ferry, Bryan",https://www.azlyrics.com/b/bryanferry.html
Fetty Wap,https://www.azlyrics.com/f/fettywap.html
Feuerschwanz,https://www.azlyrics.com/f/feuerschwanz.html
FEVER 333,https://www.azlyrics.com/f/fever333.html
Fever Ray,https://www.azlyrics.com/f/feverray.html
FFH,https://www.azlyrics.com/f/ffh.html
FFS,https://www.azlyrics.com/f/ffs.html
Fickle Friends,https://www.azlyrics.com/f/ficklefriends.html
Fiddlehead,https://www.azlyrics.com/f/fiddlehead.html
Fiddler's Green,https://www.azlyrics.com/f/fiddlersgreen.html
FIDLAR,https://www.azlyrics.com/f/fidlar.html
Field Mob,https://www.azlyrics.com/f/fieldmob.html
"Fields, Lee",https://www.azlyrics.com/l/leefields.html
Fiersa Besari,https://www.azlyrics.com/f/fiersabesari.html
Fifi Cooper,https://www.azlyrics.com/f/fificooper.html
Fifth Harmony,https://www.azlyrics.com/f/fifthharmony.html
Fight Or Flight,https://www.azlyrics.com/f/fightorflight.html
Fightstar,https://www.azlyrics.com/f/fightstar.html
Fight The Fade,https://www.azlyrics.com/f/fightthefade.html
Fight The Fury,https://www.azlyrics.com/f/fightthefury.html
Figura Renata,https://www.azlyrics.com/f/figurarenata.html
Fiji,https://www.azlyrics.com/f/fiji.html
"Fike, Dominic",https://www.azlyrics.com/d/dominicfike.html
Fikri Karayel,https://www.azlyrics.com/f/fikrikarayel.html
"Filan, Shane",https://www.azlyrics.com/s/shanefilan.html
Fil Bo Riva,https://www.azlyrics.com/f/filboriva.html
Filipek,https://www.azlyrics.com/f/filipek.html
Filipe Ret,https://www.azlyrics.com/f/filiperet.html
Filmore,https://www.azlyrics.com/f/filmore.html
Filous,https://www.azlyrics.com/f/filous.html
Filter,https://www.azlyrics.com/f/filter.html
Finatticz,https://www.azlyrics.com/f/finatticz.html
Finch,https://www.azlyrics.com/f/finch.html
FiNCH ASOZiAL,https://www.azlyrics.com/f/finchasozial.html
Finding Favour,https://www.azlyrics.com/f/findingfavour.html
Finding Hope,https://www.azlyrics.com/f/findinghope.html
"Fine Frenzy, A",https://www.azlyrics.com/a/afinefrenzy.html
Fine Young Cannibals,https://www.azlyrics.com/f/fineyoungcannibals.html
Finger Eleven,https://www.azlyrics.com/f/finger.html
Fingertight,https://www.azlyrics.com/f/fingertight.html
Finish Ticket,https://www.azlyrics.com/f/finishticket.html
Fink,https://www.azlyrics.com/f/fink.html
FINNEAS,https://www.azlyrics.com/f/finneas.html
"Finn, Neil",https://www.azlyrics.com/n/neilfinn.html
Finntroll,https://www.azlyrics.com/f/finntroll.html
Fiona Apple,https://www.azlyrics.com/a/apple.html
"Fiona, Melanie",https://www.azlyrics.com/m/melaniefiona.html
Fionn Regan,https://www.azlyrics.com/f/fionnregan.html
Firat,https://www.azlyrics.com/f/firat.html
Fireboy DML,https://www.azlyrics.com/f/fireboydml.html
Firefall,https://www.azlyrics.com/f/firefall.html
Fireflight,https://www.azlyrics.com/f/fireflight.html
Fire From The Gods,https://www.azlyrics.com/f/firefromthegods.html
Firehouse,https://www.azlyrics.com/f/firehouse.html
Firewind,https://www.azlyrics.com/f/firewind.html
"Firm, The",https://www.azlyrics.com/f/firm.html
"Firm, The",https://www.azlyrics.com/f/firmrock.html
First Aid Kit,https://www.azlyrics.com/f/firstaidkit.html
"Fischer, Helene",https://www.azlyrics.com/h/helenefischer.html
"Fischer, Sam",https://www.azlyrics.com/s/samfischer.html
Fishball,https://www.azlyrics.com/f/fishball.html
Fishbone,https://www.azlyrics.com/f/fishbone.html
"Fisher, Creed",https://www.azlyrics.com/c/creedfisher.html
"Fisher, Jordan",https://www.azlyrics.com/j/jordanfisher.html
"Fish, Samantha",https://www.azlyrics.com/s/samanthafish.html
"Fisk, Schuyler",https://www.azlyrics.com/s/schuylerfisk.html
Fit For A King,https://www.azlyrics.com/f/fitforaking.html
Fit For An Autopsy,https://www.azlyrics.com/f/fitforanautopsy.html
Fit For Rivals,https://www.azlyrics.com/f/fitforrivals.html
Fito Blanko,https://www.azlyrics.com/f/fitoblanko.html
Fitz And The Tantrums,https://www.azlyrics.com/f/fitzandthetantrums.html
"Fitzgerald, Ella",https://www.azlyrics.com/e/ellafitzgerald.html
"Fitzsimmons, William",https://www.azlyrics.com/w/williamfitzsimmons.html
Five.Bolt.Main,https://www.azlyrics.com/f/fiveboltmain.html
Five Finger Death Punch,https://www.azlyrics.com/f/fivefingerdeathpunch.html
Fivefold,https://www.azlyrics.com/f/fivefold.html
Five Foot Thick,https://www.azlyrics.com/f/fivefootthick.html
Five For Fighting,https://www.azlyrics.com/f/fivefor.html
"Five Satins, The",https://www.azlyrics.com/f/fivesatins.html
Five Stairsteps,https://www.azlyrics.com/f/fivestairsteps.html
Five Star,https://www.azlyrics.com/f/fivestar.html
Fivio Foreign,https://www.azlyrics.com/f/fivioforeign.html
"Fixx, The",https://www.azlyrics.com/f/fixx.html
FKA Twigs,https://www.azlyrics.com/f/fkatwigs.html
FKJ (French Kiwi Juice),https://www.azlyrics.com/f/fkjfrenchkiwijuice.html
"Flack, Roberta",https://www.azlyrics.com/r/robertaflack.html
Flame,https://www.azlyrics.com/f/flame.html
"Flaming Lips, The",https://www.azlyrics.com/f/flaminglips.html
"Flamingos, The",https://www.azlyrics.com/f/flamingos.html
Flatbush Zombies,https://www.azlyrics.com/f/flatbushzombies.html
Flatland Cavalry,https://www.azlyrics.com/f/flatlandcavalry.html
"Flatliners, The",https://www.azlyrics.com/f/flatliners.html
Flatsound,https://www.azlyrics.com/f/flatsound.html
Flaw,https://www.azlyrics.com/f/flaw.html
Flawless Real Talk,https://www.azlyrics.com/f/flawlessrealtalk.html
Fleet Foxes,https://www.azlyrics.com/f/fleetfoxes.html
"Fleet, Larry",https://www.azlyrics.com/l/larryfleet.html
Fleetwood Mac,https://www.azlyrics.com/f/fleetwood.html
"Fleetwoods, The",https://www.azlyrics.com/f/fleetwoods.html
Fler,https://www.azlyrics.com/f/fler.html
Fleshgod Apocalypse,https://www.azlyrics.com/f/fleshgodapocalypse.html
FLETCHER,https://www.azlyrics.com/f/fletcher.html
Fleur East,https://www.azlyrics.com/f/fleureast.html
Fleurie,https://www.azlyrics.com/f/fleurie.html
Flickerstick,https://www.azlyrics.com/f/flickerstick.html
Flight,https://www.azlyrics.com/f/flight.html
Flight Facilities,https://www.azlyrics.com/f/flightfacilities.html
Flight Of The Conchords,https://www.azlyrics.com/f/flightoftheconchords.html
Flipp Dinero,https://www.azlyrics.com/f/flippdinero.html
Flipsyde,https://www.azlyrics.com/f/flipsyde.html
Float,https://www.azlyrics.com/f/float.html
Flobots,https://www.azlyrics.com/f/flobots.html
"Flock Of Seagulls, A",https://www.azlyrics.com/f/flockofseagulls.html
Floetry,https://www.azlyrics.com/f/floetry.html
Flogging Molly,https://www.azlyrics.com/f/floggingmolly.html
Flo Milli,https://www.azlyrics.com/f/flomilli.html
flor,https://www.azlyrics.com/f/flor.html
Flora Cash,https://www.azlyrics.com/f/floracash.html
Florante,https://www.azlyrics.com/f/florante.html
"Floreani, John",https://www.azlyrics.com/j/johnfloreani.html
Florence + The Machine,https://www.azlyrics.com/f/florencethemachine.html
Florent Pagny,https://www.azlyrics.com/f/florentpagny.html
"Flores, Nikki",https://www.azlyrics.com/n/nikkiflores.html
Flo Rida,https://www.azlyrics.com/f/florida.html
Florida Georgia Line,https://www.azlyrics.com/f/floridageorgialine.html
Florrie,https://www.azlyrics.com/f/florrie.html
Flotsam & Jetsam,https://www.azlyrics.com/f/flotsamjetsam.html
"Flovent, Axel",https://www.azlyrics.com/a/axelflovent.html
"Flowers, Brandon",https://www.azlyrics.com/b/brandonflowers.html
Flume,https://www.azlyrics.com/f/flume.html
Flux Pavilion,https://www.azlyrics.com/f/fluxpavilion.html
Fly Away Hero,https://www.azlyrics.com/f/flyawayhero.html
Fly By Midnight,https://www.azlyrics.com/f/flybymidnight.html
Flying Lotus,https://www.azlyrics.com/f/flyinglotus.html
Flyleaf,https://www.azlyrics.com/f/flyleaf.html
"Flynn, Johnny",https://www.azlyrics.com/j/johnnyflynn.html
Fly Project,https://www.azlyrics.com/f/flyproject.html
"Flys, The",https://www.azlyrics.com/f/flys.html
FMK,https://www.azlyrics.com/f/fmk.html
FM Static,https://www.azlyrics.com/f/fmstatic.html
Foals,https://www.azlyrics.com/f/foals.html
"Fogelberg, Dan",https://www.azlyrics.com/d/danfogelberg.html
"Fogerty, John",https://www.azlyrics.com/j/johnfogerty.html
Foghat,https://www.azlyrics.com/f/foghat.html
"Folds, Ben",https://www.azlyrics.com/f/folds.html
"Folick, Miya",https://www.azlyrics.com/m/miyafolick.html
Follow The Cipher,https://www.azlyrics.com/f/followthecipher.html
Fonky Family,https://www.azlyrics.com/f/fonkyfamily.html
Fonseca,https://www.azlyrics.com/f/fonseca.html
"Fonsi, Luis",https://www.azlyrics.com/l/luisfonsi.html
Fontaines D.C.,https://www.azlyrics.com/f/fontainesdc.html
Foo Fighters,https://www.azlyrics.com/f/foofighters.html
Foogiano,https://www.azlyrics.com/f/foogiano.html
FOOL,https://www.azlyrics.com/f/fool.html
Fool's Garden,https://www.azlyrics.com/f/foolsgarden.html
FO&O,https://www.azlyrics.com/f/foo.html
For All Eternity,https://www.azlyrics.com/f/foralleternity.html
For All Seasons,https://www.azlyrics.com/f/forallseasons.html
For All Those Sleeping,https://www.azlyrics.com/f/forallthosesleeping.html
Force MD's,https://www.azlyrics.com/f/forcemds.html
"Ford, Lita",https://www.azlyrics.com/l/litaford.html
"Ford, Robben",https://www.azlyrics.com/r/robbenford.html
"Ford, Tennessee Ernie",https://www.azlyrics.com/t/tennesseeernieford.html
"Ford, Willa",https://www.azlyrics.com/f/ford.html
Foreign Air,https://www.azlyrics.com/f/foreignair.html
Foreigner,https://www.azlyrics.com/f/foreigner.html
Foreign Forest,https://www.azlyrics.com/f/foreignforest.html
"Foreman, Jon",https://www.azlyrics.com/j/jonforeman.html
Forest Blakk,https://www.azlyrics.com/f/forestblakk.html
Forever In Your Mind,https://www.azlyrics.com/f/foreverinyourmind.html
Forever Jones,https://www.azlyrics.com/f/foreverjones.html
Forever M.C. x It's Different,https://www.azlyrics.com/f/forevermcxitsdifferent.html
Forever The Sickest Kids,https://www.azlyrics.com/f/foreverthesickestkids.html
Forgive Durden,https://www.azlyrics.com/f/forgivedurden.html
for KING & COUNTRY,https://www.azlyrics.com/f/forkingcountry.html
"Format, The",https://www.azlyrics.com/f/format.html
Forrest.,https://www.azlyrics.com/f/forrest.html
"Forster, Mark",https://www.azlyrics.com/m/markforster.html
For The Fallen Dreams,https://www.azlyrics.com/f/forthefallendreams.html
Fort Minor,https://www.azlyrics.com/f/fortminor.html
For Today,https://www.azlyrics.com/f/fortoday.html
Foster The People,https://www.azlyrics.com/f/fosterthepeople.html
"Foundations, The",https://www.azlyrics.com/f/foundations.html
Fountains Of Wayne,https://www.azlyrics.com/f/fountainsofwayne.html
"Foureira, Eleni",https://www.azlyrics.com/e/elenifoureira.html
"Four Owls, The",https://www.azlyrics.com/f/fourowls.html
"Four Seasons, The",https://www.azlyrics.com/f/fourseasons.html
Four Tops,https://www.azlyrics.com/f/fourtops.html
FourTwnty,https://www.azlyrics.com/f/fourtwnty.html
FOURTY,https://www.azlyrics.com/f/fourty.html
Four Year Strong,https://www.azlyrics.com/f/fouryearstrong.html
Fousheé,https://www.azlyrics.com/f/foushee.html
"Fowler, Kevin",https://www.azlyrics.com/k/kevinfowler.html
"Fowlis, Julie",https://www.azlyrics.com/j/juliefowlis.html
Fox Academy,https://www.azlyrics.com/f/foxacademy.html
Foxboro Hot Tubs,https://www.azlyrics.com/f/foxborohottubs.html
"Fox, Bryce",https://www.azlyrics.com/b/brycefox.html
"Fox, Elyar",https://www.azlyrics.com/e/elyarfox.html
Foxes,https://www.azlyrics.com/f/foxes.html
"Fox, Gemma",https://www.azlyrics.com/f/fox.html
Foxing,https://www.azlyrics.com/f/foxing.html
Fox Stevenson,https://www.azlyrics.com/f/foxstevenson.html
"Fox, Tanner",https://www.azlyrics.com/t/tannerfox.html
"Foxx, Jamie",https://www.azlyrics.com/j/jamiefoxx.html
Foxy Brown,https://www.azlyrics.com/b/brown.html
Foxygen,https://www.azlyrics.com/f/foxygen.html
Foxy Shazam,https://www.azlyrics.com/f/foxyshazam.html
"Fox, Zack",https://www.azlyrics.com/z/zackfox.html
Foy Vance,https://www.azlyrics.com/f/foyvance.html
Fozzey & VanC,https://www.azlyrics.com/f/fozzeyvanc.html
Fozzy,https://www.azlyrics.com/f/fozzy.html
Fractures,https://www.azlyrics.com/f/fractures.html
"Fradiani, Nick",https://www.azlyrics.com/n/nickfradiani.html
Fragma,https://www.azlyrics.com/f/fragma.html
Frah Quintale,https://www.azlyrics.com/f/frahquintale.html
Fra Lippo Lippi,https://www.azlyrics.com/f/fralippolippi.html
"Frames, The",https://www.azlyrics.com/f/frames.html
Framing Hanley,https://www.azlyrics.com/f/framinghanley.html
"Frampton, Dia",https://www.azlyrics.com/d/diaframpton.html
"Frampton, Peter",https://www.azlyrics.com/p/peterframpton.html
Frances,https://www.azlyrics.com/f/frances.html
Francesca Battistelli,https://www.azlyrics.com/f/francescabattistelli.html
Francesca Michielin,https://www.azlyrics.com/f/francescamichielin.html
Francesco De Gregori,https://www.azlyrics.com/f/francescodegregori.html
Francesco Yates,https://www.azlyrics.com/f/francescoyates.html
Frances Quinlan,https://www.azlyrics.com/f/francesquinlan.html
Francis And The Lights,https://www.azlyrics.com/f/francis-and-the-lights.html
"Francis, Connie",https://www.azlyrics.com/c/conniefrancis.html
"Francis, Dillon",https://www.azlyrics.com/d/dillonfrancis.html
Francis M.,https://www.azlyrics.com/f/francism.html
"Francis, Oliver",https://www.azlyrics.com/o/oliverfrancis.html
"Francis, Sage",https://www.azlyrics.com/s/sagefrancis.html
"Franc, Livvi",https://www.azlyrics.com/l/livvifranc.html
Franc Moody,https://www.azlyrics.com/f/francmoody.html
Franco,https://www.azlyrics.com/f/franco.html
Franco De Vita,https://www.azlyrics.com/f/francodevita.html
Franglish,https://www.azlyrics.com/f/franglish.html
"Franj, David",https://www.azlyrics.com/f/franj.html
Frank Black,https://www.azlyrics.com/f/frankblack.html
Frank Carter & The Rattlesnakes,https://www.azlyrics.com/f/frankcartertherattlesnakes.html
Franke,https://www.azlyrics.com/f/franke.html
Frankee,https://www.azlyrics.com/f/frankee.html
FRANKIE,https://www.azlyrics.com/f/frankie.html
Frankie Ballard,https://www.azlyrics.com/f/frankieballard.html
Frankie Cocozza,https://www.azlyrics.com/f/frankiecocozza.html
Frankie Cosmos,https://www.azlyrics.com/f/frankiecosmos.html
Frankie Goes To Hollywood,https://www.azlyrics.com/f/frankiegoestohollywood.html
Frankie J,https://www.azlyrics.com/f/frankiej.html
Frank Iero,https://www.azlyrics.com/f/frankiero.html
Frankie Valli,https://www.azlyrics.com/f/frankievalli.html
"Frank, Jackson C.",https://www.azlyrics.com/j/jacksoncfrank.html
"Franklin, Aretha",https://www.azlyrics.com/a/arethafranklin.html
"Franklin, Kirk",https://www.azlyrics.com/f/franklin.html
Frankmusik,https://www.azlyrics.com/f/frankmusik.html
Frank Ocean,https://www.azlyrics.com/f/frankocean.html
Frank Sinatra,https://www.azlyrics.com/f/franksinatra.html
"Franks, Michael",https://www.azlyrics.com/m/michaelfranks.html
Frank Turner,https://www.azlyrics.com/f/frankturner.html
Frank Walker,https://www.azlyrics.com/f/frankwalker.html
Frank Zappa,https://www.azlyrics.com/f/frankzappa.html
Frans,https://www.azlyrics.com/f/frans.html
Franz Ferdinand,https://www.azlyrics.com/f/franzferdinand.html
"Fraser, Brooke",https://www.azlyrics.com/b/brookefraser.html
"Fraser, Nicholas",https://www.azlyrics.com/n/nicholasfraser.html
"Fratellis, The",https://www.azlyrics.com/f/fratellis.html
Frawley,https://www.azlyrics.com/f/frawley.html
"Fray, The",https://www.azlyrics.com/f/fray.html
Fred De Palma,https://www.azlyrics.com/f/freddepalma.html
Freddie Aguilar,https://www.azlyrics.com/f/freddieaguilar.html
Freddie Dredd,https://www.azlyrics.com/f/freddiedredd.html
Freddie Gibbs,https://www.azlyrics.com/f/freddiegibbs.html
Freddie Jackson,https://www.azlyrics.com/f/freddiejackson.html
Freddie King,https://www.azlyrics.com/f/freddieking.html
Freddie Mercury,https://www.azlyrics.com/f/freddiemercury.html
Freddie Stroma,https://www.azlyrics.com/f/freddiestroma.html
Freddy Fender,https://www.azlyrics.com/f/freddyfender.html
Freddy Kalas,https://www.azlyrics.com/f/freddykalas.html
"Fredericks, Sawyer",https://www.azlyrics.com/s/sawyerfredericks.html
Fred Hammond,https://www.azlyrics.com/f/fredhammond.html
Fred Hammond & Radical For Christ,https://www.azlyrics.com/f/fredhammondradicalforchrist.html
Fred Neil,https://www.azlyrics.com/f/fredneil.html
Fredo,https://www.azlyrics.com/f/fredo.html
Fredo Bang,https://www.azlyrics.com/f/fredobang.html
Fredo Santana,https://www.azlyrics.com/f/fredosantana.html
Fred The Godson,https://www.azlyrics.com/f/fredthegodson.html
Free,https://www.azlyrics.com/f/free.html
Freedom Call,https://www.azlyrics.com/f/freedomcall.html
Freelance Whales,https://www.azlyrics.com/f/freelancewhales.html
Free Nationals,https://www.azlyrics.com/f/freenationals.html
Freesol,https://www.azlyrics.com/f/freesol.html
Freestyle,https://www.azlyrics.com/f/freestyle10216.html
Freestyle,https://www.azlyrics.com/f/freestyle.html
Freeway,https://www.azlyrics.com/f/freeway.html
Freeze Corleone,https://www.azlyrics.com/f/freezecorleone.html
"Frehley, Ace",https://www.azlyrics.com/a/acefrehley.html
"French, Austin",https://www.azlyrics.com/a/austinfrench.html
"French, Christian",https://www.azlyrics.com/c/christianfrench.html
"French, Jason",https://www.azlyrics.com/j/jasonfrench.html
French Montana,https://www.azlyrics.com/f/frenchmontana.html
Frenna,https://www.azlyrics.com/f/frenna.html
Frenship,https://www.azlyrics.com/f/frenship.html
Frente!,https://www.azlyrics.com/f/frente.html
Fréro Delavega,https://www.azlyrics.com/f/frerodelavega.html
Freschta Akbarzada,https://www.azlyrics.com/f/freschtaakbarzada.html
"Fresh, Aaron",https://www.azlyrics.com/a/aaronfresh.html
"Fresh, Doug E.",https://www.azlyrics.com/d/dougefresh.html
Freya Ridings,https://www.azlyrics.com/f/freyaridings.html
"Frey, Glenn",https://www.azlyrics.com/g/glennfrey.html
Frickin' A,https://www.azlyrics.com/f/frickina.html
Frida,https://www.azlyrics.com/f/frida.html
Friday Hill,https://www.azlyrics.com/f/fridayhill.html
"Friedman, Adam",https://www.azlyrics.com/a/adamfriedman.html
"Friend, Luke",https://www.azlyrics.com/l/lukefriend.html
Friendly Fires,https://www.azlyrics.com/f/friendlyfires.html
Friendzona (Френдзона),https://www.azlyrics.com/f/friendzona.html
Frightened Rabbit,https://www.azlyrics.com/f/frightenedrabbit.html
"Frights, The",https://www.azlyrics.com/f/frights.html
Frijo,https://www.azlyrics.com/f/frijo.html
FRND,https://www.azlyrics.com/f/frnd.html
From Ashes To New,https://www.azlyrics.com/f/fromashestonew.html
From Autumn To Ashes,https://www.azlyrics.com/f/fromautumntoashes.html
From First To Last,https://www.azlyrics.com/f/fromfirsttolast.html
From Indian Lakes,https://www.azlyrics.com/f/fromindianlakes.html
fromis_9,https://www.azlyrics.com/f/fromis9.html
From Zero,https://www.azlyrics.com/f/fromzero.html
"Front Bottoms, The",https://www.azlyrics.com/f/frontbottoms.html
Front Porch Step,https://www.azlyrics.com/f/frontporchstep.html
Fronzilla,https://www.azlyrics.com/f/fronzilla.html
"Frost, Max",https://www.azlyrics.com/m/maxfrost.html
Frosty,https://www.azlyrics.com/f/frosty.html
Frou Frou,https://www.azlyrics.com/f/froufrou.html
Frozen Crown,https://www.azlyrics.com/f/frozencrown.html
Fruit Bats,https://www.azlyrics.com/f/fruitbats.html
"Frusciante, John",https://www.azlyrics.com/j/johnfrusciante.html
FSK SATELLITE,https://www.azlyrics.com/f/fsksatellite.html
FTISLAND,https://www.azlyrics.com/f/ftisland.html
Fuel,https://www.azlyrics.com/f/fuel.html
Fuerza Regida,https://www.azlyrics.com/f/fuerzaregida.html
Fugazi,https://www.azlyrics.com/f/fugazi.html
Fugees,https://www.azlyrics.com/f/fugees.html
Fukkit,https://www.azlyrics.com/f/fukkit.html
"Fulcher, Ray",https://www.azlyrics.com/r/rayfulcher.html
Full Crate,https://www.azlyrics.com/f/fullcrate.html
Full Scale,https://www.azlyrics.com/f/fullscale.html
Full Tac,https://www.azlyrics.com/f/fulltac.html
Fu Manchu,https://www.azlyrics.com/f/fumanchu.html
Fun.,https://www.azlyrics.com/f/fun.html
"Funds, Kojo",https://www.azlyrics.com/k/kojofunds.html
Funeral For A Friend,https://www.azlyrics.com/f/funeralforafriend.html
Funeral Suits,https://www.azlyrics.com/f/funeralsuits.html
Funkadelic,https://www.azlyrics.com/f/funkadelic.html
Fun Lovin' Criminals,https://www.azlyrics.com/f/funlovincriminals.html
FUR,https://www.azlyrics.com/f/fur.html
"Furler, Peter",https://www.azlyrics.com/p/peterfurler.html
"Furman, Ezra",https://www.azlyrics.com/e/ezrafurman.html
"Furtado, Nelly",https://www.azlyrics.com/f/furtado.html
Further Seems Forever,https://www.azlyrics.com/f/furtherseemsforever.html
Fuse ODG,https://www.azlyrics.com/f/fuseodg.html
Future,https://www.azlyrics.com/f/future.html
"Futureheads, The",https://www.azlyrics.com/f/futureheads.html
Future Islands,https://www.azlyrics.com/f/futureislands.html
Future Leaders Of The World,https://www.azlyrics.com/f/futureleadersoftheworld.html
Futuristic,https://www.azlyrics.com/f/futuristic.html
f(x),https://www.azlyrics.com/f/fx.html
FY,https://www.azlyrics.com/f/fy.html
Fyfe Dangerfield,https://www.azlyrics.com/f/fyfedangerfield.html
Fynn Kliemann,https://www.azlyrics.com/f/fynnkliemann.html
