U2,https://www.azlyrics.com/u/u2band.html
UB40,https://www.azlyrics.com/u/ub40.html
"Uchis, Kali",https://www.azlyrics.com/k/kaliuchis.html
Ude Af Kontrol,https://www.azlyrics.com/u/udeafkontrol.html
U.D.O.,https://www.azlyrics.com/u/udo.html
UFO,https://www.azlyrics.com/u/ufo.html
Ufo361,https://www.azlyrics.com/u/ufo361.html
Ufuk Beydemir,https://www.azlyrics.com/u/ufukbeydemir.html
UGK,https://www.azlyrics.com/u/ugk.html
Ugly God,https://www.azlyrics.com/u/uglygod.html
Ugly Kid Joe,https://www.azlyrics.com/u/uglykidjoe.html
Uh Huh Her,https://www.azlyrics.com/u/uhhuhher.html
Ulices Chaidez,https://www.azlyrics.com/u/uliceschaidezysusplebes.html
Ulrikke,https://www.azlyrics.com/u/ulrikke.html
Ulrik Munther,https://www.azlyrics.com/u/ulrikmunther.html
Ultimo,https://www.azlyrics.com/u/ultimo.html
Ultravox,https://www.azlyrics.com/u/ultravox.html
"Uluğ, Derya",https://www.azlyrics.com/d/deryaulug.html
Ulver,https://www.azlyrics.com/u/ulver.html
UMI,https://www.azlyrics.com/u/umi.html
Umut Timur,https://www.azlyrics.com/u/umuttimur.html
Uncle Acid & The Deadbeats,https://www.azlyrics.com/u/uncleacidthedeadbeats.html
Uncle Kracker,https://www.azlyrics.com/u/unclekracker.html
Uncle Lucius,https://www.azlyrics.com/u/unclelucius.html
Uncle Murda,https://www.azlyrics.com/u/unclemurda.html
Uncle Sam,https://www.azlyrics.com/u/unclesam.html
"Underachievers, The",https://www.azlyrics.com/t/the-underachievers.html
Underoath,https://www.azlyrics.com/u/underoath.html
Under The Flood,https://www.azlyrics.com/u/undertheflood.html
"Undertones, The",https://www.azlyrics.com/u/undertones.html
"Underwood, Brittany",https://www.azlyrics.com/b/brittanyunderwood.html
"Underwood, Carrie",https://www.azlyrics.com/c/carrieunderwood.html
Underworld,https://www.azlyrics.com/u/underworld.html
Unearth,https://www.azlyrics.com/u/unearth.html
"Üner, Ersay",https://www.azlyrics.com/e/ersayner.html
Uneven Structure,https://www.azlyrics.com/u/unevenstructure.html
Unfinished Thought,https://www.azlyrics.com/u/unfinishedthought.html
Unge Ferrari,https://www.azlyrics.com/u/ungeferrari.html
Ungu,https://www.azlyrics.com/u/ungu.html
"Unguided, The",https://www.azlyrics.com/u/unguided.html
"Unicorns, The",https://www.azlyrics.com/u/unicorns.html
Union J,https://www.azlyrics.com/u/unionj.html
"Union Underground, The",https://www.azlyrics.com/u/unionund.html
Unique,https://www.azlyrics.com/u/unique.html
Unisonic,https://www.azlyrics.com/u/unisonic.html
Unit 406,https://www.azlyrics.com/u/unit406.html
Unk,https://www.azlyrics.com/u/unk.html
UNKLE,https://www.azlyrics.com/u/unkle.html
Unknown Brain,https://www.azlyrics.com/u/unknownbrain.html
Unknown Mortal Orchestra,https://www.azlyrics.com/u/unknownmortalorchestra.html
Unknown T,https://www.azlyrics.com/u/unknownt.html
Unleashed,https://www.azlyrics.com/u/unleashed.html
Unleash The Archers,https://www.azlyrics.com/u/unleashthearchers.html
"Unlikely Candidates, The",https://www.azlyrics.com/u/unlikelycandidates.html
Unlike Pluto,https://www.azlyrics.com/u/unlikepluto.html
Unloco,https://www.azlyrics.com/u/unloco.html
UNNV (УННВ),https://www.azlyrics.com/u/unnv.html
UnoTheActivist,https://www.azlyrics.com/u/unotheactivist.html
"Ünsal, Hande",https://www.azlyrics.com/h/handensal.html
Unspoken,https://www.azlyrics.com/u/unspoken.html
Unwritten Law,https://www.azlyrics.com/u/unwritten.html
UP10TION,https://www.azlyrics.com/u/up10tion.html
Upchurch,https://www.azlyrics.com/u/upchurch.html
Up Dharma Down,https://www.azlyrics.com/u/updharmadown.html
Upon A Burning Body,https://www.azlyrics.com/u/uponaburningbody.html
Upon This Dawning,https://www.azlyrics.com/u/uponthisdawning.html
UPPERROOM,https://www.azlyrics.com/u/upperroom.html
UPSAHL,https://www.azlyrics.com/u/upsahl.html
Urban Cone,https://www.azlyrics.com/u/urbancone.html
Urbandub,https://www.azlyrics.com/u/urbandub.html
"Urban, Keith",https://www.azlyrics.com/u/urban.html
"Ure, Midge",https://www.azlyrics.com/m/midgeure.html
Urge Overkill,https://www.azlyrics.com/u/urgeoverkill.html
Uriah Heep,https://www.azlyrics.com/u/uriahheep.html
Us3,https://www.azlyrics.com/u/us3.html
US5,https://www.azlyrics.com/u/us5.html
"Used, The",https://www.azlyrics.com/u/used.html
U.S. Girls,https://www.azlyrics.com/u/usgirls.html
Usher,https://www.azlyrics.com/u/usher.html
"Usher, David",https://www.azlyrics.com/u/usherd.html
USS (Ubiquitous Synergy Seeker),https://www.azlyrics.com/u/ubiquitoussynergyseeker.html
Us The Duo,https://www.azlyrics.com/u/ustheduo.html
Utada Hikaru,https://www.azlyrics.com/u/utada.html
UZI,https://www.azlyrics.com/u/uzi.html
