Qlas & Blacka,https://www.azlyrics.com/q/qlasblacka.html
Q Lazzarus,https://www.azlyrics.com/q/qlazzarus.html
Q Money,https://www.azlyrics.com/q/qmoney.html
QoryGore,https://www.azlyrics.com/q/qorygore.html
Qry,https://www.azlyrics.com/q/qry.html
Quadeca,https://www.azlyrics.com/q/quadeca.html
Quadron,https://www.azlyrics.com/q/quadron.html
Quality Control,https://www.azlyrics.com/q/qualitycontrol.html
Quando Rondo,https://www.azlyrics.com/q/quandorondo.html
Quarterflash,https://www.azlyrics.com/q/quarterflash.html
"Quatro, Suzi",https://www.azlyrics.com/s/suziquatro.html
Quavo,https://www.azlyrics.com/q/quavo.html
QUE.,https://www.azlyrics.com/q/que.html
Quebonafide,https://www.azlyrics.com/q/quebonafide.html
Queen,https://www.azlyrics.com/q/queen.html
Queen Key,https://www.azlyrics.com/q/queenkey.html
Queen Latifah,https://www.azlyrics.com/q/queenlatifah.html
Queen Naija,https://www.azlyrics.com/q/queennaija.html
Queens Of The Stone Age,https://www.azlyrics.com/q/queensofthestoneage.html
Queensryche,https://www.azlyrics.com/q/queensryche.html
Quentin Miller,https://www.azlyrics.com/q/quentinmiller.html
Quest,https://www.azlyrics.com/q/quest.html
Quicksand,https://www.azlyrics.com/q/quicksand.html
Quicksilver Messenger Service,https://www.azlyrics.com/q/quicksilvermessengerservice.html
Quietdrive,https://www.azlyrics.com/q/quietdrive.html
Quiet Riot,https://www.azlyrics.com/q/quietriot.html
"Quiles, Justin",https://www.azlyrics.com/j/justinquiles.html
Quincy,https://www.azlyrics.com/q/quincy.html
Quincy Jones,https://www.azlyrics.com/q/quincyjones.html
"Quinlan, Frances",https://www.azlyrics.com/f/francesquinlan.html
Quin NFN,https://www.azlyrics.com/q/quinnfn.html
Quinn XCII,https://www.azlyrics.com/q/quinnxcii.html
"Quintana, Pepe",https://www.azlyrics.com/p/pepequintana.html
"Quinto, Angeline",https://www.azlyrics.com/a/angelinequinto.html
"Quiroz, Patrick",https://www.azlyrics.com/p/patrickquiroz.html
"Quiwa, Patch",https://www.azlyrics.com/p/patchquiwa.html
Qveen Herby,https://www.azlyrics.com/q/qveenherby.html
Qwote,https://www.azlyrics.com/q/qwote.html
