N2U,https://www.azlyrics.com/n/n2u.html
Naaz,https://www.azlyrics.com/n/naaz.html
Nach,https://www.azlyrics.com/n/nach.html
Nacho,https://www.azlyrics.com/n/nacho.html
Nachtblut,https://www.azlyrics.com/n/nachtblut.html
"Nadal, Kitchie",https://www.azlyrics.com/k/kitchienadal.html
Nada Surf,https://www.azlyrics.com/n/nadasurf.html
Nadia Ali,https://www.azlyrics.com/n/nadiaali.html
Nadin Amizah,https://www.azlyrics.com/n/nadinamizah.html
Nadine Coyle,https://www.azlyrics.com/n/nadinecoyle.html
Nadine Lustre,https://www.azlyrics.com/n/nadinelustre.html
Nafe Smallz,https://www.azlyrics.com/n/nafesmallz.html
Nahide Babashlı,https://www.azlyrics.com/n/nahidebabashl.html
Nahir,https://www.azlyrics.com/n/nahir.html
Nahko And Medicine For The People,https://www.azlyrics.com/n/nahkoandmedicineforthepeople.html
"Naija, Queen",https://www.azlyrics.com/q/queennaija.html
"Nail, David",https://www.azlyrics.com/d/davidnail.html
"Nail, Jimmy",https://www.azlyrics.com/j/jimmynail.html
Nails,https://www.azlyrics.com/n/nails.html
Naim Daniel,https://www.azlyrics.com/n/naimdaniel.html
"Naim, Yael",https://www.azlyrics.com/y/yaelnaim.html
Naira Marley,https://www.azlyrics.com/n/nairamarley.html
naitivihod (найтивыход),https://www.azlyrics.com/n/naitivihod.html
Naji,https://www.azlyrics.com/n/naji.html
"Nakamura, Aya",https://www.azlyrics.com/a/ayanakamura.html
"Naked And Famous, The",https://www.azlyrics.com/n/nakedandfamous.html
"Naked, Bif",https://www.azlyrics.com/n/naked.html
"Naked Brothers Band, The",https://www.azlyrics.com/n/nakedbrothersband.html
Naked Eyes,https://www.azlyrics.com/n/nakedeyes.html
"Naklab, Anna",https://www.azlyrics.com/a/annanaklab.html
"Nalick, Anna",https://www.azlyrics.com/a/annanalick.html
"Nam, Eric",https://www.azlyrics.com/e/ericnam.html
Namika,https://www.azlyrics.com/n/namika.html
Nanci Griffith,https://www.azlyrics.com/n/nancigriffith.html
Nancy Ajram,https://www.azlyrics.com/n/nancyajram.html
Nancy Sinatra,https://www.azlyrics.com/n/nancysinatra.html
Nanowar Of Steel,https://www.azlyrics.com/n/nanowarofsteel.html
NAO,https://www.azlyrics.com/n/nao.html
Napalm Death,https://www.azlyrics.com/n/napalmdeath.html
Nappy Headz,https://www.azlyrics.com/n/nappyheadz.html
Nappy Roots,https://www.azlyrics.com/n/nappyroots.html
Naps,https://www.azlyrics.com/n/naps.html
Nas,https://www.azlyrics.com/n/nas.html
Nascar Aloe,https://www.azlyrics.com/n/nascaraloe.html
Nash,https://www.azlyrics.com/n/nash.html
"Nash, Graham",https://www.azlyrics.com/g/grahamnash.html
"Nash, Johnny",https://www.azlyrics.com/j/johnnynash.html
"Nash, Kate",https://www.azlyrics.com/k/katenash.html
Nashley,https://www.azlyrics.com/n/nashley.html
Nashville Cast,https://www.azlyrics.com/n/nashvillecast.html
"Naslin, Elias",https://www.azlyrics.com/e/eliasnaslin.html
Nasty C,https://www.azlyrics.com/n/nastyc.html
Natalia Kills,https://www.azlyrics.com/n/nataliakills.html
Natalia Lafourcade,https://www.azlyrics.com/n/natalialafourcade.html
Natalia Oreiro,https://www.azlyrics.com/n/nataliaoreiro.html
Natalie,https://www.azlyrics.com/n/natalie.html
Natalie Bassingthwaighte,https://www.azlyrics.com/n/nataliebassingthwaighte.html
Natalie Cole,https://www.azlyrics.com/n/nataliecole.html
Natalie Grant,https://www.azlyrics.com/n/nataliegrant.html
Natalie Imbruglia,https://www.azlyrics.com/i/imbruglia.html
Natalie La Rose,https://www.azlyrics.com/n/natalielarose.html
Natalie Maines,https://www.azlyrics.com/n/nataliemaines.html
Natalie Merchant,https://www.azlyrics.com/m/merchant.html
Natalie Prass,https://www.azlyrics.com/n/natalieprass.html
Natalie Taylor,https://www.azlyrics.com/n/natalietaylor.html
Natanael Cano,https://www.azlyrics.com/n/natanaelcano.html
Nat and Alex Wolff,https://www.azlyrics.com/n/natandalexwolff.html
Natania,https://www.azlyrics.com/n/natania.html
Natasha,https://www.azlyrics.com/n/natasha.html
Natasha Bedingfield,https://www.azlyrics.com/b/bedingfieldn.html
Natasha Mosley,https://www.azlyrics.com/n/natashamosley.html
"Natasha, Pierre & The Great Comet Of 1812 Original Broadway Cast",https://www.azlyrics.com/n/natashapierrethegreatcometof1812originalbroadwaycast.html
Natasha Thomas,https://www.azlyrics.com/n/natashathomas.html
Nate Dogg,https://www.azlyrics.com/n/natedogg.html
Nate Good,https://www.azlyrics.com/n/nategood.html
Nate Ruess,https://www.azlyrics.com/n/nateruess.html
NateWantsToBattle,https://www.azlyrics.com/n/natewantstobattle.html
Nathan Dawe,https://www.azlyrics.com/n/nathandawe.html
Nathan Grisdale,https://www.azlyrics.com/n/nathangrisdale.html
Nathaniel,https://www.azlyrics.com/n/nathaniel.html
Nathaniel Bassey,https://www.azlyrics.com/n/nathanielbassey.html
Nathaniel Rateliff,https://www.azlyrics.com/n/nathanielrateliff.html
"Nathanson, Matt",https://www.azlyrics.com/m/mattnathanson.html
Nathan Sykes,https://www.azlyrics.com/n/nathansykes.html
Nathi,https://www.azlyrics.com/n/nathi.html
Nathy Peluso,https://www.azlyrics.com/n/nathypeluso.html
"National Parks, The",https://www.azlyrics.com/n/nationalparks.html
"National, The",https://www.azlyrics.com/n/national.html
Natiruts,https://www.azlyrics.com/n/natiruts.html
Nat King Cole,https://www.azlyrics.com/n/natkingcole.html
Natos Y Waor,https://www.azlyrics.com/n/natosywaor.html
Natti Natasha,https://www.azlyrics.com/n/nattinatasha.html
NATTY,https://www.azlyrics.com/n/natty.html
Natural,https://www.azlyrics.com/n/natural.html
Naughty Boy,https://www.azlyrics.com/n/naughtyboy.html
Naughty By Nature,https://www.azlyrics.com/n/naughtybynature.html
Nause,https://www.azlyrics.com/n/nause.html
NAV,https://www.azlyrics.com/n/nav.html
"Navarro, Dave",https://www.azlyrics.com/d/davenavarro.html
Nawlage,https://www.azlyrics.com/n/nawlage.html
Naya Rivera,https://www.azlyrics.com/n/nayarivera.html
Nayer,https://www.azlyrics.com/n/nayer.html
Nayt,https://www.azlyrics.com/n/nayt.html
Naza,https://www.azlyrics.com/n/naza.html
Nazareth,https://www.azlyrics.com/n/nazareth.html
NBA YoungBoy,https://www.azlyrics.com/n/nbayoungboy.html
NB Ridaz,https://www.azlyrics.com/n/nbridaz.html
NCT,https://www.azlyrics.com/n/nct.html
NDG,https://www.azlyrics.com/n/ndg.html
N-Dubz,https://www.azlyrics.com/n/ndubz.html
Nea,https://www.azlyrics.com/n/nea.html
Neal McCoy,https://www.azlyrics.com/n/nealmccoy.html
Near,https://www.azlyrics.com/n/near.html
"Nearly Deads, The",https://www.azlyrics.com/n/nearlydeads.html
Nebu Kiniza,https://www.azlyrics.com/n/nebukiniza.html
Neck Deep,https://www.azlyrics.com/n/neckdeep.html
Ned LeDoux,https://www.azlyrics.com/n/nedledoux.html
"Needham, Jimmy",https://www.azlyrics.com/j/jimmyneedham.html
NEEDTOBREATHE,https://www.azlyrics.com/n/needtobreathe.html
NEFFEX,https://www.azlyrics.com/n/neffex.html
Nef The Pharaoh,https://www.azlyrics.com/n/nefthepharaoh.html
Negramaro,https://www.azlyrics.com/n/negramaro.html
Neha Kakkar,https://www.azlyrics.com/n/nehakakkar.html
"Neighbourhood, The",https://www.azlyrics.com/n/neighbourhood.html
NEIKED,https://www.azlyrics.com/n/neiked.html
Neil Diamond,https://www.azlyrics.com/n/neildiamond.html
Neil Finn,https://www.azlyrics.com/n/neilfinn.html
"Neil, Fred",https://www.azlyrics.com/f/fredneil.html
Neil Sedaka,https://www.azlyrics.com/n/neilsedaka.html
"Neil, Vince",https://www.azlyrics.com/v/vinceneil.html
Neil Young,https://www.azlyrics.com/y/young.html
Neisha Neshae,https://www.azlyrics.com/n/neishaneshae.html
Nek,https://www.azlyrics.com/n/nek.html
Nekfeu,https://www.azlyrics.com/n/nekfeu.html
Neko Case,https://www.azlyrics.com/n/nekocase.html
Nekrogoblikon,https://www.azlyrics.com/n/nekrogoblikon.html
neksusha (нексюша),https://www.azlyrics.com/n/neksusha.html
Nella Kharisma,https://www.azlyrics.com/n/nellakharisma.html
Nellie McKay,https://www.azlyrics.com/m/mckay.html
Nelly,https://www.azlyrics.com/n/nelly.html
Nelly Furtado,https://www.azlyrics.com/f/furtado.html
"Nelson, Jason",https://www.azlyrics.com/j/jasonnelson.html
"Nelson, Jonathan",https://www.azlyrics.com/j/jonathannelson.html
"Nelson, Ricky",https://www.azlyrics.com/r/rickynelson.html
"Nelson, Willie",https://www.azlyrics.com/w/willienelson.html
Nemesea,https://www.azlyrics.com/n/nemesea.html
Nemir,https://www.azlyrics.com/n/nemir.html
Nena,https://www.azlyrics.com/n/nena.html
Neneh Cherry,https://www.azlyrics.com/n/nenehcherry.html
Ñengo Flow,https://www.azlyrics.com/n/nengoflow.html
Ne Obliviscaris,https://www.azlyrics.com/n/neobliviscaris.html
Neocolours,https://www.azlyrics.com/n/neocolours.html
Neon Hitch,https://www.azlyrics.com/n/neonhitch.html
Neon Indian,https://www.azlyrics.com/n/neonindian.html
Neon Jungle,https://www.azlyrics.com/n/neonjungle.html
Neon Trees,https://www.azlyrics.com/n/neontrees.html
Neo Pistea,https://www.azlyrics.com/n/neopistea.html
Neovaii,https://www.azlyrics.com/n/neovaii.html
N.E.R.D.,https://www.azlyrics.com/n/nerd.html
NerdOut,https://www.azlyrics.com/n/nerdout.html
Nerina Pallot,https://www.azlyrics.com/n/nerinapallot.html
Nero,https://www.azlyrics.com/n/nero.html
NerOne,https://www.azlyrics.com/n/nerone.html
NERVO,https://www.azlyrics.com/n/nervo.html
Nervosa,https://www.azlyrics.com/n/nervosa.html
"Nery, Arthur",https://www.azlyrics.com/a/arthurnery.html
Nesian Mystik,https://www.azlyrics.com/n/nesian.html
Nessa Barrett,https://www.azlyrics.com/n/nessabarrett.html
Nessly,https://www.azlyrics.com/n/nessly.html
NetNobody,https://www.azlyrics.com/n/netnobody.html
Netsky,https://www.azlyrics.com/n/netsky.html
Netta,https://www.azlyrics.com/n/netta.html
"Nettles, Jennifer",https://www.azlyrics.com/j/jennifernettles.html
"Network, The",https://www.azlyrics.com/n/network.html
Neurosis,https://www.azlyrics.com/n/neurosis.html
Neurosonic,https://www.azlyrics.com/n/neurosonic.html
Neutral Milk Hotel,https://www.azlyrics.com/n/neutralmilkhotel.html
Neutro Shorty,https://www.azlyrics.com/n/neutroshorty.html
Nevada,https://www.azlyrics.com/n/nevada.html
"Never Ending, The",https://www.azlyrics.com/n/neverending.html
Neverending White Lights,https://www.azlyrics.com/n/neverendingwhitelights.html
Neverest,https://www.azlyrics.com/n/neverest.html
Neverkept,https://www.azlyrics.com/n/neverkept.html
Nevermore,https://www.azlyrics.com/n/nevermore.html
Never Shout Never,https://www.azlyrics.com/n/nevershoutnever.html
Never The Strangers,https://www.azlyrics.com/n/neverthestrangers.html
"Neville, Aaron",https://www.azlyrics.com/a/aaronneville.html
"Nevis, Jimmy",https://www.azlyrics.com/j/jimmynevis.html
"New Basement Tapes, The",https://www.azlyrics.com/n/newbasementtapes.html
New Boyz,https://www.azlyrics.com/n/newboyz.html
"New Cities, The",https://www.azlyrics.com/n/newcities.html
NEW CITY,https://www.azlyrics.com/n/newcity.html
New District,https://www.azlyrics.com/n/newdistrict.html
New Edition,https://www.azlyrics.com/n/newedition.html
New Empire,https://www.azlyrics.com/n/newempire.html
"Newfield, Heidi",https://www.azlyrics.com/h/heidinewfield.html
New Found Glory,https://www.azlyrics.com/n/newfoundglory.html
New Hollow,https://www.azlyrics.com/n/newhollow.html
New Hope Club,https://www.azlyrics.com/n/newhopeclub.html
Newkid,https://www.azlyrics.com/n/newkid.html
New Kids On The Block,https://www.azlyrics.com/n/newkids.html
"Newman, James",https://www.azlyrics.com/j/jamesnewman.html
"Newman, John",https://www.azlyrics.com/j/johnnewman.html
"Newman, Randy",https://www.azlyrics.com/r/randynewman.html
New Medicine,https://www.azlyrics.com/n/newmedicine.html
New Model Army,https://www.azlyrics.com/n/newmodelarmy.html
New Order,https://www.azlyrics.com/n/neworder.html
New Politics,https://www.azlyrics.com/n/newpolitics.html
"New Pornographers, The",https://www.azlyrics.com/n/newpornographers.html
"New Power Generation, The",https://www.azlyrics.com/n/newpowergeneration.html
New Radicals,https://www.azlyrics.com/n/newradicals.html
Newsboys,https://www.azlyrics.com/n/newsboys.html
Newsies Original Broadway Cast,https://www.azlyrics.com/n/newsiesoriginalbroadwaycast.html
"Newsom, Joanna",https://www.azlyrics.com/j/joannanewsom.html
NewSong,https://www.azlyrics.com/n/newsong.html
Newton Faulkner,https://www.azlyrics.com/n/newtonfaulkner.html
"Newton-John, Olivia",https://www.azlyrics.com/n/newtonjohn.html
"Newton, Juice",https://www.azlyrics.com/j/juicenewton.html
Newworldson,https://www.azlyrics.com/n/newworldson.html
New Years Day,https://www.azlyrics.com/n/newyearsday.html
Next,https://www.azlyrics.com/n/next.html
Next Town Down,https://www.azlyrics.com/n/nexttowndown.html
NexXthursday,https://www.azlyrics.com/n/nexxthursday.html
Ne-Yo,https://www.azlyrics.com/n/neyo.html
N.Flying,https://www.azlyrics.com/n/nflying.html
NF,https://www.azlyrics.com/n/nf.html
NGC Daddy,https://www.azlyrics.com/n/ngcdaddy.html
NGEE,https://www.azlyrics.com/n/ngee.html
Niall Horan,https://www.azlyrics.com/n/niallhoran.html
Nia Sioux,https://www.azlyrics.com/n/niasioux.html
"Nice, The",https://www.azlyrics.com/n/nice.html
Nicholas Fraser,https://www.azlyrics.com/n/nicholasfraser.html
Nichole Nordeman,https://www.azlyrics.com/n/nicholenordeman.html
"Nichols, Joe",https://www.azlyrics.com/j/joenichols.html
"Nickatina, Andre",https://www.azlyrics.com/a/andrenickatina.html
Nick Bean,https://www.azlyrics.com/n/nickbean.html
Nick Brewer,https://www.azlyrics.com/n/nickbrewer.html
Nick Cannon,https://www.azlyrics.com/c/cannon.html
Nick Carter,https://www.azlyrics.com/c/cartern.html
Nick Cave & The Bad Seeds,https://www.azlyrics.com/n/nickcavethebadseeds.html
Nick Drake,https://www.azlyrics.com/n/nickdrake.html
Nickelback,https://www.azlyrics.com/n/nickelback.html
Nickel Creek,https://www.azlyrics.com/n/nickelcreek.html
Nick Fradiani,https://www.azlyrics.com/n/nickfradiani.html
Nick Gilder,https://www.azlyrics.com/n/nickgilder.html
Nick Hakim,https://www.azlyrics.com/n/nickhakim.html
Nicki Minaj,https://www.azlyrics.com/n/nickiminaj.html
Nicki Nicole,https://www.azlyrics.com/n/nickinicole.html
Nick Jonas,https://www.azlyrics.com/n/nickjonas.html
Nick Jonas & The Administration,https://www.azlyrics.com/n/nickjonastheadministration.html
Nick & Knight,https://www.azlyrics.com/n/nickknight.html
Nick Lachey,https://www.azlyrics.com/l/lachey.html
Nicklas Sahl,https://www.azlyrics.com/n/nicklassahl.html
Nick Lowe,https://www.azlyrics.com/n/nicklowe.html
Nick Mulvey,https://www.azlyrics.com/n/nickmulvey.html
Nick Santino,https://www.azlyrics.com/n/nicksantino.html
"Nicks, Stevie",https://www.azlyrics.com/n/nicks.html
Nick Wilson,https://www.azlyrics.com/n/nickwilson.html
Nicky Jam,https://www.azlyrics.com/n/nickyjam.html
Nicky Romero,https://www.azlyrics.com/n/nickyromero.html
Nico Collins,https://www.azlyrics.com/n/nicocollins.html
Nicola Roberts,https://www.azlyrics.com/n/nicolaroberts.html
Nicola Siciliano,https://www.azlyrics.com/n/nicolasiciliano.html
Nicolas Jaar,https://www.azlyrics.com/n/nicolasjaar.html
"Nicole, Britt",https://www.azlyrics.com/b/brittnicole.html
Nicole Bus,https://www.azlyrics.com/n/nicolebus.html
Nicole C. Mullen,https://www.azlyrics.com/n/nicolecmullen.html
Nicole Cross,https://www.azlyrics.com/n/nicolecross.html
Nicole Dollanganger,https://www.azlyrics.com/n/nicoledollanganger.html
"Nicole, Megan",https://www.azlyrics.com/m/megannicole.html
Nicole Scherzinger,https://www.azlyrics.com/n/nicolescherzinger.html
Nico Santos,https://www.azlyrics.com/n/nicosantos.html
Nico Vega,https://www.azlyrics.com/n/nicovega.html
Nico & Vinz,https://www.azlyrics.com/n/nicovinz.html
"Nielsen, Sanna",https://www.azlyrics.com/s/sannanielsen.html
"Niemann, Jerrod",https://www.azlyrics.com/j/jerrodniemann.html
"Nievera, Martin",https://www.azlyrics.com/m/martinnievera.html
"Night Café, The",https://www.azlyrics.com/n/nightcaf.html
"Night, Candice",https://www.azlyrics.com/c/candicenight.html
Nightcore,https://www.azlyrics.com/n/nightcore.html
Night Crowned,https://www.azlyrics.com/n/nightcrowned.html
"Night Flight Orchestra, The",https://www.azlyrics.com/n/nightflightorchestra.html
"Night Game, The",https://www.azlyrics.com/n/nightgame.html
Night Lovell,https://www.azlyrics.com/n/nightlovell.html
Nightly,https://www.azlyrics.com/n/nightly.html
Night Ranger,https://www.azlyrics.com/n/nightranger.html
Night Riots,https://www.azlyrics.com/n/nightriots.html
Night Skinny,https://www.azlyrics.com/n/nightskinny.html
Night Verses,https://www.azlyrics.com/n/nightverses.html
Nightwish,https://www.azlyrics.com/n/nightwish.html
"Nigiotti, Enrico",https://www.azlyrics.com/e/enriconigiotti.html
NIKI,https://www.azlyrics.com/n/niki.html
Niki & Gabi,https://www.azlyrics.com/n/nikigabi.html
Nik & Jay,https://www.azlyrics.com/n/nikjay.html
Nikka Costa,https://www.azlyrics.com/c/costa.html
Nik Kershaw,https://www.azlyrics.com/n/nikkershaw.html
Nikki Cleary,https://www.azlyrics.com/n/nikkicleary.html
Nikki Flores,https://www.azlyrics.com/n/nikkiflores.html
Nikki Vianna,https://www.azlyrics.com/n/nikkivianna.html
Nikki Williams,https://www.azlyrics.com/n/nikkiwilliams.html
Nikki Yanofsky,https://www.azlyrics.com/n/nikkiyanofsky.html
Nik Makino,https://www.azlyrics.com/n/nikmakino.html
Niko B,https://www.azlyrics.com/n/nikob.html
Nik Tendo,https://www.azlyrics.com/n/niktendo.html
Nile,https://www.azlyrics.com/n/nile.html
NILETTO,https://www.azlyrics.com/n/niletto.html
Nil Karaibrahimgil,https://www.azlyrics.com/n/nilkaraibrahimgil.html
"Nilsson, Harry",https://www.azlyrics.com/h/harrynilsson.html
nilu,https://www.azlyrics.com/n/nilu.html
Nimo,https://www.azlyrics.com/n/nimo.html
Nina,https://www.azlyrics.com/n/nina.html
Nina Gordon,https://www.azlyrics.com/g/gordon.html
Nina Nesbitt,https://www.azlyrics.com/n/ninanesbitt.html
Nina Simone,https://www.azlyrics.com/n/ninasimone.html
Nina Sky,https://www.azlyrics.com/n/ninasky.html
Nine Days,https://www.azlyrics.com/n/ninedays.html
Nine Inch Nails,https://www.azlyrics.com/n/nine.html
Nine Lashes,https://www.azlyrics.com/n/ninelashes.html
Nines,https://www.azlyrics.com/n/nines.html
Ninho,https://www.azlyrics.com/n/ninho.html
Ninja Sex Party,https://www.azlyrics.com/n/ninjasexparty.html
Nio García,https://www.azlyrics.com/n/niogarcia.html
Nipsey Hussle,https://www.azlyrics.com/n/nipseyhussle.html
Niro,https://www.azlyrics.com/n/niro.html
Nirvana,https://www.azlyrics.com/n/nirvana.html
Niska,https://www.azlyrics.com/n/niska.html
Nito NB,https://www.azlyrics.com/n/nitonb.html
Nitro,https://www.azlyrics.com/n/nitro.html
Nitty,https://www.azlyrics.com/n/nitty.html
Nitty Gritty Dirt Band,https://www.azlyrics.com/n/nittygrittydirtband.html
Nivea,https://www.azlyrics.com/n/nivea.html
"Nix, Richy",https://www.azlyrics.com/r/richynix.html
Niykee Heaton,https://www.azlyrics.com/n/niykeeheaton.html
NiziU,https://www.azlyrics.com/n/niziu.html
Nizlopi,https://www.azlyrics.com/n/nizlopi.html
NJOMZA,https://www.azlyrics.com/n/njomza.html
NLE Choppa,https://www.azlyrics.com/n/nlechoppa.html
NLT,https://www.azlyrics.com/n/nlt.html
Nneka,https://www.azlyrics.com/n/nneka.html
No. 1,https://www.azlyrics.com/n/no1.html
NO1-NOAH,https://www.azlyrics.com/n/no1noah.html
No Address,https://www.azlyrics.com/n/noaddress.html
NOAH,https://www.azlyrics.com/n/noahdk.html
Noah,https://www.azlyrics.com/n/noahde.html
NOAH,https://www.azlyrics.com/n/noah.html
Noah And The Whale,https://www.azlyrics.com/n/noahandthewhale.html
Noah Cyrus,https://www.azlyrics.com/n/noahcyrus.html
Noah Gundersen,https://www.azlyrics.com/n/noahgundersen.html
Noah Kahan,https://www.azlyrics.com/n/noahkahan.html
Noah Schnacky,https://www.azlyrics.com/n/noahschnacky.html
No Angels,https://www.azlyrics.com/n/noangels.html
No Authority,https://www.azlyrics.com/n/noauthority.html
nobigdyl.,https://www.azlyrics.com/n/nobigdyl.html
Nobody's Angel,https://www.azlyrics.com/n/nobodysangel.html
NoCap,https://www.azlyrics.com/n/nocap.html
"Nockels, Christy",https://www.azlyrics.com/c/christynockels.html
"Nodal, Christian",https://www.azlyrics.com/c/christiannodal.html
NODE,https://www.azlyrics.com/n/node.html
No Doubt,https://www.azlyrics.com/n/nodoubt.html
"Noe, Ian",https://www.azlyrics.com/i/iannoe.html
Noel Gallagher,https://www.azlyrics.com/n/noelgallagher.html
Noel Torres,https://www.azlyrics.com/n/noeltorres.html
No Fun At All,https://www.azlyrics.com/n/nofunatall.html
NOFX,https://www.azlyrics.com/n/nofx.html
Nohidea,https://www.azlyrics.com/n/nohidea.html
Noisettes,https://www.azlyrics.com/n/noisettes.html
Noize MC,https://www.azlyrics.com/n/noizemc.html
Noizy,https://www.azlyrics.com/n/noizy.html
"Nolan, John",https://www.azlyrics.com/j/johnnolan.html
"Noll, Shannon",https://www.azlyrics.com/n/noll.html
NOMA,https://www.azlyrics.com/n/noma.html
NoMBe,https://www.azlyrics.com/n/nombe.html
No Mercy,https://www.azlyrics.com/n/nomercy.html
No Method,https://www.azlyrics.com/n/nomethod.html
Nomy,https://www.azlyrics.com/n/nomy.html
Noname,https://www.azlyrics.com/n/noname.html
NONONO,https://www.azlyrics.com/n/nonono.html
Nonpoint,https://www.azlyrics.com/n/nonpoint.html
No Question,https://www.azlyrics.com/n/noquestion.html
Norah Jones,https://www.azlyrics.com/j/jonesn.html
No Raza,https://www.azlyrics.com/n/noraza.html
N.O.R.E.,https://www.azlyrics.com/n/nore.html
Noreaga,https://www.azlyrics.com/n/noreaga.html
No Resolve,https://www.azlyrics.com/n/noresolve.html
"Norful, Smokie",https://www.azlyrics.com/s/smokienorful.html
Noriel,https://www.azlyrics.com/n/noriel.html
Norlie & KKV,https://www.azlyrics.com/n/norliekkv.html
Norma Jean,https://www.azlyrics.com/n/normajean.html
"Norman, Chris",https://www.azlyrics.com/c/chrisnorman.html
Norman Greenbaum,https://www.azlyrics.com/n/normangreenbaum.html
Norman Hutchins,https://www.azlyrics.com/n/normanhutchins.html
Normani,https://www.azlyrics.com/n/normani.html
Norm Ender,https://www.azlyrics.com/n/normender.html
No Rome,https://www.azlyrics.com/n/norome.html
Northlane,https://www.azlyrics.com/n/northlane.html
North Mississippi Allstars,https://www.azlyrics.com/n/northmississippiallstars.html
North Point Worship,https://www.azlyrics.com/n/northpointinsideout.html
No Secrets,https://www.azlyrics.com/n/nosecrets.html
Not3s,https://www.azlyrics.com/n/not3s.html
NOTD,https://www.azlyrics.com/n/notd.html
Nothing,https://www.azlyrics.com/n/nothing.html
Nothing But Thieves,https://www.azlyrics.com/n/nothingbutthieves.html
Nothingface,https://www.azlyrics.com/n/nothingface.html
Nothing More,https://www.azlyrics.com/n/nothingmore.html
"nothing,nowhere.",https://www.azlyrics.com/n/nothingnowhere.html
Notorious B.I.G.,https://www.azlyrics.com/n/notorious.html
"Nottet, Loïc",https://www.azlyrics.com/l/locnottet.html
No Use For A Name,https://www.azlyrics.com/n/nouse.html
"Nova, Aldo",https://www.azlyrics.com/a/aldonova.html
No Vacation,https://www.azlyrics.com/n/novacation.html
Nova Charisma,https://www.azlyrics.com/n/novacharisma.html
"Nova, Heather",https://www.azlyrics.com/h/heathernova.html
"Novah, Jade",https://www.azlyrics.com/j/jadenovah.html
Novelists,https://www.azlyrics.com/n/novelists.html
Novo Amor,https://www.azlyrics.com/n/novoamor.html
"Nowak, Adi",https://www.azlyrics.com/a/adinowak.html
"Now, Now",https://www.azlyrics.com/n/nownow.html
Now United,https://www.azlyrics.com/n/nowunited.html
"Noyes, Maty",https://www.azlyrics.com/m/matynoyes.html
Noyz Narcos,https://www.azlyrics.com/n/noyznarcos.html
"Nozuka, George",https://www.azlyrics.com/g/george.html
"Nozuka, Justin",https://www.azlyrics.com/j/justinnozuka.html
N'seven7,https://www.azlyrics.com/n/nseven7.html
NSG,https://www.azlyrics.com/n/nsg.html
'N Sync,https://www.azlyrics.com/n/nsync.html
NU'EST,https://www.azlyrics.com/n/nuest.html
Nu Flavor,https://www.azlyrics.com/n/nuflavor.html
"Nugent, Ted",https://www.azlyrics.com/t/tednugent.html
Nujabes,https://www.azlyrics.com/n/nujabes.html
"Numan, Gary",https://www.azlyrics.com/g/garynuman.html
"NUNA, AUDREY",https://www.azlyrics.com/a/audreynuna.html
"Núñez, Miki",https://www.azlyrics.com/m/mikinez.html
Nura,https://www.azlyrics.com/n/nura.html
"Nutini, Paolo",https://www.azlyrics.com/p/paolonutini.html
NVDES,https://www.azlyrics.com/n/nvdes.html
N.W.A.,https://www.azlyrics.com/n/nwa.html
"Nwigwe, Tobe",https://www.azlyrics.com/t/tobenwigwe.html
Nyashinski,https://www.azlyrics.com/n/nyashinski.html
Nyck Caution,https://www.azlyrics.com/n/nyckcaution.html
NYK,https://www.azlyrics.com/n/nyk.html
"Nyovest, Cassper",https://www.azlyrics.com/c/casspernyovest.html
"Nyree, Ayzha",https://www.azlyrics.com/a/ayzhanyree.html
Nyusha (Нюша),https://www.azlyrics.com/n/nyusha.html
