"Oakenfold, Paul",https://www.azlyrics.com/o/oakenfold.html
"Oakes, Ryan",https://www.azlyrics.com/r/ryanoakes.html
"Oak Ridge Boys, The",https://www.azlyrics.com/o/oakridgeboys.html
"Oak, Winona",https://www.azlyrics.com/w/winonaoak.html
O.A.R. (Of A Revolution),https://www.azlyrics.com/o/oar.html
Oasis,https://www.azlyrics.com/o/oasis.html
"Obel, Agnes",https://www.azlyrics.com/a/agnesobel.html
"Oberst, Conor",https://www.azlyrics.com/c/conoroberst.html
Obey The Brave,https://www.azlyrics.com/o/obeythebrave.html
Obie Trice,https://www.azlyrics.com/t/trice.html
Obituary,https://www.azlyrics.com/o/obituary.html
OBLADAET,https://www.azlyrics.com/o/obladaet.html
OBN Jay,https://www.azlyrics.com/o/obnjay.html
OB O'Brien,https://www.azlyrics.com/o/obobrien.html
OBOY,https://www.azlyrics.com/o/oboy.html
O.C. Dawgs,https://www.azlyrics.com/o/ocdawgs.html
Oceana,https://www.azlyrics.com/o/oceana.html
Ocean Alley,https://www.azlyrics.com/o/oceanalley.html
"Ocean, Billy",https://www.azlyrics.com/b/billyocean.html
"Ocean Collective, The",https://www.azlyrics.com/o/oceancollective.html
Ocean Colour Scene,https://www.azlyrics.com/o/oceancolourscene.html
"Ocean, Frank",https://www.azlyrics.com/f/frankocean.html
Ocean Grove,https://www.azlyrics.com/o/oceangrove.html
Oceanlab,https://www.azlyrics.com/o/oceanlab.html
Oceano,https://www.azlyrics.com/o/oceano.html
Ocean Park Standoff,https://www.azlyrics.com/o/oceanparkstandoff.html
Oceans,https://www.azlyrics.com/o/oceans.html
Oceans Ate Alaska,https://www.azlyrics.com/o/oceansatealaska.html
Oceans Divide,https://www.azlyrics.com/o/oceansdivide.html
Ocean Wisdom,https://www.azlyrics.com/o/oceanwisdom.html
"Ochs, Phil",https://www.azlyrics.com/p/philochs.html
"O'Connor, Sinead",https://www.azlyrics.com/s/sineadoconnor.html
Octavian,https://www.azlyrics.com/o/octavian.html
October Fall,https://www.azlyrics.com/o/octoberfall.html
"O'Day, Aubrey",https://www.azlyrics.com/a/aubreyoday.html
Odd Future Wolf Gang Kill Them All (OFWGKTA),https://www.azlyrics.com/o/oddfuturewolfgangkillthemallofwgkta.html
"Odell, Tom",https://www.azlyrics.com/t/tomodell.html
Odessa,https://www.azlyrics.com/o/odessa.html
ODESZA,https://www.azlyrics.com/o/odesza.html
Odette,https://www.azlyrics.com/o/odette.html
Odezenne,https://www.azlyrics.com/o/odezenne.html
ODIE,https://www.azlyrics.com/o/odie.html
"O'Donis, Colby",https://www.azlyrics.com/c/colbyodonis.html
Odyssey,https://www.azlyrics.com/o/odyssey.html
ODZ,https://www.azlyrics.com/o/odz.html
"Oerding, Johannes",https://www.azlyrics.com/j/johannesoerding.html
OFB,https://www.azlyrics.com/o/ofb.html
Ofenbach,https://www.azlyrics.com/o/ofenbach.html
OFFAIAH,https://www.azlyrics.com/o/offaiah.html
Off Bloom,https://www.azlyrics.com/o/offbloom.html
Offica,https://www.azlyrics.com/o/offica.html
OFFMi,https://www.azlyrics.com/o/offmi.html
Offset,https://www.azlyrics.com/o/offset.html
"Offspring, The",https://www.azlyrics.com/o/offspring.html
Off With Their Heads,https://www.azlyrics.com/o/offwiththeirheads.html
Of Mice & Men,https://www.azlyrics.com/o/ofmicemen.html
Of Monsters And Men,https://www.azlyrics.com/o/ofmonstersandmen.html
Of Montreal,https://www.azlyrics.com/o/ofmontreal.html
Of Virtue,https://www.azlyrics.com/o/ofvirtue.html
OG 3Three,https://www.azlyrics.com/o/og3three.html
"Ogawa, Jakob",https://www.azlyrics.com/j/jakobogawa.html
OG Buda,https://www.azlyrics.com/o/ogbuda.html
Ogie Alcasid,https://www.azlyrics.com/o/ogiealcasid.html
"Ogilvie, George",https://www.azlyrics.com/g/georgeogilvie.html
OG Keemo,https://www.azlyrics.com/o/ogkeemo.html
OG Maco,https://www.azlyrics.com/o/ogmaco.html
Ognjen,https://www.azlyrics.com/o/ognjen.html
Oğuzhan Koç,https://www.azlyrics.com/o/ouzhanko.html
Oh Hayoung,https://www.azlyrics.com/o/ohhayoung.html
"Oh Hellos, The",https://www.azlyrics.com/o/ohhellos.html
Oh Honey,https://www.azlyrics.com/o/ohhoney.html
Ohio Players,https://www.azlyrics.com/o/ohioplayers.html
Oh Land,https://www.azlyrics.com/o/ohland.html
Oh My Girl,https://www.azlyrics.com/o/ohmygirl.html
Oh Sees,https://www.azlyrics.com/o/ohsees.html
"Oh, Sleeper",https://www.azlyrics.com/o/ohsleeper.html
Oh The Larceny,https://www.azlyrics.com/o/ohthelarceny.html
"Oh, Weatherly",https://www.azlyrics.com/o/ohweatherly.html
Oh Wonder,https://www.azlyrics.com/o/ohwonder.html
Oingo Boingo,https://www.azlyrics.com/o/oingoboingo.html
"O'Jays, The",https://www.azlyrics.com/o/ojays.html
OJ Da Juiceman,https://www.azlyrics.com/o/ojdajuiceman.html
Okay Kaya,https://www.azlyrics.com/o/okaykaya.html
Okean Elzy (Океан Ельзи),https://www.azlyrics.com/o/okeanelzy.html
OK Go,https://www.azlyrics.com/o/okgo.html
Oki,https://www.azlyrics.com/o/oki.html
Okin,https://www.azlyrics.com/o/okin.html
Okkervil River,https://www.azlyrics.com/o/okkervilriver.html
OK KID,https://www.azlyrics.com/o/okkid.html
"Oladipo, Victor",https://www.azlyrics.com/v/victoroladipo.html
Olamide,https://www.azlyrics.com/o/olamide.html
Old 97's,https://www.azlyrics.com/o/old97s.html
Old Crow Medicine Show,https://www.azlyrics.com/o/oldcrowmedicineshow.html
Old Dominion,https://www.azlyrics.com/o/olddominion.html
"Oldfield, Mike",https://www.azlyrics.com/m/mikeoldfield.html
Ol' Dirty Bastard,https://www.azlyrics.com/o/oldirtybastard.html
Old Man Saxon,https://www.azlyrics.com/o/oldmansaxon.html
Old Sea Brigade,https://www.azlyrics.com/o/oldseabrigade.html
Oleander,https://www.azlyrics.com/o/oleander.html
Oleta Adams,https://www.azlyrics.com/o/oletaadams.html
Olexesh,https://www.azlyrics.com/o/olexesh.html
"Olivas, Alfredo",https://www.azlyrics.com/a/alfredoolivas.html
Oliver Francis,https://www.azlyrics.com/o/oliverfrancis.html
Oliver Heldens,https://www.azlyrics.com/o/oliverheldens.html
Oliver Riot,https://www.azlyrics.com/o/oliverriot.html
Oliver Tree,https://www.azlyrics.com/o/olivertree.html
Olivia,https://www.azlyrics.com/o/olivia.html
Olivia Holt,https://www.azlyrics.com/o/oliviaholt.html
Olivia Newton-John,https://www.azlyrics.com/n/newtonjohn.html
Olivia O'Brien,https://www.azlyrics.com/o/oliviaobrien.html
Olivver The Kid,https://www.azlyrics.com/o/olivverthekid.html
Ollie,https://www.azlyrics.com/o/olliefi.html
Ollie,https://www.azlyrics.com/o/ollie.html
Ollie MN,https://www.azlyrics.com/o/olliemn.html
Olly Murs,https://www.azlyrics.com/o/ollymurs.html
"Olsen, Angel",https://www.azlyrics.com/a/angelolsen.html
"Olsen, Steven Lee",https://www.azlyrics.com/s/stevenleeolsen.html
"Olstead, Renee",https://www.azlyrics.com/o/olstead.html
Olympia,https://www.azlyrics.com/o/olympia.html
"Olzanski, Sebastian",https://www.azlyrics.com/s/sebastianolzanski.html
Omah Lay,https://www.azlyrics.com/o/omahlay.html
Omar Apollo,https://www.azlyrics.com/o/omarapollo.html
Omarion,https://www.azlyrics.com/o/omarion.html
"Omär, Xavier",https://www.azlyrics.com/x/xavieromar.html
OMB Peezy,https://www.azlyrics.com/o/ombpeezy.html
OMC,https://www.azlyrics.com/o/omc.html
OMG Girlz,https://www.azlyrics.com/o/omggirlz.html
OMI,https://www.azlyrics.com/o/omi.html
Omnium Gatherum,https://www.azlyrics.com/o/omniumgatherum.html
One Acen,https://www.azlyrics.com/o/oneacen.html
"O'Neal, Jamie",https://www.azlyrics.com/j/jamieoneal.html
One Chance,https://www.azlyrics.com/o/onechance.html
One Day As A Lion,https://www.azlyrics.com/o/onedayasalion.html
One Desire,https://www.azlyrics.com/o/onedesire.html
One Direction,https://www.azlyrics.com/o/onedirection.html
ONEFOUR,https://www.azlyrics.com/o/onefour.html
"O'Neil, Melissa",https://www.azlyrics.com/m/melissaoneil.html
One Less Reason,https://www.azlyrics.com/o/onelessreason.html
One Night Only,https://www.azlyrics.com/o/onenightonly.html
ONE OK ROCK,https://www.azlyrics.com/o/oneokrock.html
OneRepublic,https://www.azlyrics.com/o/onerepublic.html
One Sonic Society,https://www.azlyrics.com/o/onesonicsociety.html
One True Voice,https://www.azlyrics.com/o/onetrue.html
ONEUS,https://www.azlyrics.com/o/oneus.html
One Voice,https://www.azlyrics.com/o/onevoice.html
Onew,https://www.azlyrics.com/o/onew.html
One Way,https://www.azlyrics.com/o/oneway.html
ONEWE,https://www.azlyrics.com/o/onewe.html
ONF,https://www.azlyrics.com/o/onf.html
"Ong, Daryl",https://www.azlyrics.com/d/darylong.html
Ong Seong Wu,https://www.azlyrics.com/o/ongseongwu.html
"Only Ones, The",https://www.azlyrics.com/o/onlyones.html
Only The Young,https://www.azlyrics.com/o/onlytheyoung.html
Onslaught,https://www.azlyrics.com/o/onslaught.html
ONUKA,https://www.azlyrics.com/o/onuka.html
Onur Baytan,https://www.azlyrics.com/o/onurbaytan.html
Onyx,https://www.azlyrics.com/o/onyx.html
Onze:20,https://www.azlyrics.com/o/onze20.html
Ookay,https://www.azlyrics.com/o/ookay.html
Oomph!,https://www.azlyrics.com/o/oomph.html
Opał,https://www.azlyrics.com/o/opal.html
Open Mike Eagle,https://www.azlyrics.com/o/openmikeeagle.html
Operation Ivy,https://www.azlyrics.com/o/operationivy.html
Opeth,https://www.azlyrics.com/o/opeth.html
OPM,https://www.azlyrics.com/o/opm.html
Or3o,https://www.azlyrics.com/o/or3o.html
"ORAL CIGARETTES, THE",https://www.azlyrics.com/o/oralcigarettes.html
Orange Goblin,https://www.azlyrics.com/o/orangegoblin.html
Orange & Lemons,https://www.azlyrics.com/o/orangelemons.html
Oranssi Pazuzu,https://www.azlyrics.com/o/oranssipazuzu.html
"Ora, Rita",https://www.azlyrics.com/r/ritaora.html
"Orbison, Roy",https://www.azlyrics.com/r/royorbison.html
Orchestral Manoeuvres In The Dark,https://www.azlyrics.com/o/orchestralmanoeuvresinthedark.html
Orden Ogan,https://www.azlyrics.com/o/ordenogan.html
"Ordinary Boys, The",https://www.azlyrics.com/o/ordinaryboys.html
"Oreiro, Natalia",https://www.azlyrics.com/n/nataliaoreiro.html
Orelsan,https://www.azlyrics.com/o/orelsan.html
Orgy,https://www.azlyrics.com/o/orgy.html
"Orhan, Mahmut",https://www.azlyrics.com/m/mahmutorhan.html
Orianthi,https://www.azlyrics.com/o/orianthi.html
Origin,https://www.azlyrics.com/o/origin.html
"Orion Experience, The",https://www.azlyrics.com/o/orionexperience.html
Orion Sun,https://www.azlyrics.com/o/orionsun.html
"O'Riordan, Dolores",https://www.azlyrics.com/d/doloresoriordan.html
Orla Gartland,https://www.azlyrics.com/o/orlagartland.html
"Orlando, Johnny",https://www.azlyrics.com/j/johnnyorlando.html
Orleans,https://www.azlyrics.com/o/orleans.html
Orochi,https://www.azlyrics.com/o/orochi.html
Orphaned Land,https://www.azlyrics.com/o/orphanedland.html
"Orrico, Stacie",https://www.azlyrics.com/o/orrico.html
Orson,https://www.azlyrics.com/o/orson.html
"Ortega, Jeannie",https://www.azlyrics.com/j/jeannieortega.html
"Ortega, Via",https://www.azlyrics.com/v/viaortega.html
"Ortiz, Gerardo",https://www.azlyrics.com/g/gerardoortiz.html
"Ortiz, Joell",https://www.azlyrics.com/j/joellortiz.html
"Orton, Beth",https://www.azlyrics.com/b/bethorton.html
Orville Peck,https://www.azlyrics.com/o/orvillepeck.html
"Orwells, The",https://www.azlyrics.com/o/orwells.html
O'Ryan,https://www.azlyrics.com/o/oryan.html
"Osborne, Jeffrey",https://www.azlyrics.com/j/jeffreyosborne.html
"Osborne, Joan",https://www.azlyrics.com/j/joanosborne.html
"Osbourne, Kelly",https://www.azlyrics.com/o/osbournek.html
"Oscar, Alexander",https://www.azlyrics.com/a/alexanderoscar.html
Oscar And The Wolf,https://www.azlyrics.com/o/oscarandthewolf.html
Oscar Lang,https://www.azlyrics.com/o/oscarlang.html
"O'Shaughnessy, Ryan",https://www.azlyrics.com/r/ryanoshaughnessy.html
OSHUN,https://www.azlyrics.com/o/oshun.html
"Osíris, Conan",https://www.azlyrics.com/c/conanosris.html
Osmani Garcia,https://www.azlyrics.com/o/osmanigarcia.html
"Osment, Emily",https://www.azlyrics.com/e/emilyosment.html
"Osmond, Donny",https://www.azlyrics.com/d/donnyosmond.html
"Osmond, Marie",https://www.azlyrics.com/m/marieosmond.html
O.S.T.R.,https://www.azlyrics.com/o/ostr.html
"O'Sullivan, Gilbert",https://www.azlyrics.com/g/gilbertosullivan.html
Otep,https://www.azlyrics.com/o/otep.html
O.T. Genasis,https://www.azlyrics.com/o/otgenasis.html
Other Lives,https://www.azlyrics.com/o/otherlives.html
Otherwise,https://www.azlyrics.com/o/otherwise.html
Otilia,https://www.azlyrics.com/o/otilia.html
Otis Redding,https://www.azlyrics.com/o/otisredding.html
O-Town,https://www.azlyrics.com/o/otown.html
OTR,https://www.azlyrics.com/o/otr.html
Otsochodzi,https://www.azlyrics.com/o/otsochodzi.html
"Otto, James",https://www.azlyrics.com/j/jamesotto.html
Otto Knows,https://www.azlyrics.com/o/ottoknows.html
"Ottolini, Robyn",https://www.azlyrics.com/r/robynottolini.html
"Our Hollow, Our Home",https://www.azlyrics.com/o/ourhollowourhome.html
Our Lady Peace,https://www.azlyrics.com/o/ourladypeace.html
Our Last Night,https://www.azlyrics.com/o/ourlastnight.html
Our Mirage,https://www.azlyrics.com/o/ourmirage.html
Ours,https://www.azlyrics.com/o/ours.html
Outasight,https://www.azlyrics.com/o/outasight.html
Out Came The Wolves,https://www.azlyrics.com/o/outcamethewolves.html
"Outfield, The",https://www.azlyrics.com/o/outfield.html
Outkast,https://www.azlyrics.com/o/outkast.html
Outlandish,https://www.azlyrics.com/o/outlandish.html
Outlaws,https://www.azlyrics.com/o/outlaws.html
Overcoats,https://www.azlyrics.com/o/overcoats.html
Overkill,https://www.azlyrics.com/o/overkill.html
Over October,https://www.azlyrics.com/o/overoctober.html
"Overstreet, Chord",https://www.azlyrics.com/c/chordoverstreet.html
"Overtones, The",https://www.azlyrics.com/o/overtones.html
"Owen, Jake",https://www.azlyrics.com/j/jakeowen.html
"Owen, Mark",https://www.azlyrics.com/o/owen.html
"Owens, Buck",https://www.azlyrics.com/b/buckowens.html
"Owens, Tatiana",https://www.azlyrics.com/t/tatianaowens.html
Owl City,https://www.azlyrics.com/o/owlcity.html
Oxide & Neutrino,https://www.azlyrics.com/o/oxideneutrino.html
Oxxxymiron,https://www.azlyrics.com/o/oxxxymiron.html
"Oyekan, Dunsin",https://www.azlyrics.com/d/dunsinoyekan.html
Ozan Doğulu,https://www.azlyrics.com/o/ozandogulu.html
"Ozark Mountain Daredevils, The",https://www.azlyrics.com/o/ozarkmountaindaredevils.html
"Özbey, Merve",https://www.azlyrics.com/m/mervezbey.html
Ozma,https://www.azlyrics.com/o/ozma.html
O-Zone,https://www.azlyrics.com/o/ozone.html
Ozuna,https://www.azlyrics.com/o/ozuna.html
Ozzy Osbourne,https://www.azlyrics.com/o/ozzyosbourne.html
