V,https://www.azlyrics.com/v/v.html
V9,https://www.azlyrics.com/v/v9.html
Vaboh,https://www.azlyrics.com/v/vaboh.html
Vacation Manor,https://www.azlyrics.com/v/vacationmanor.html
VACATIONS,https://www.azlyrics.com/v/vacations.html
"Vaccines, The",https://www.azlyrics.com/v/vaccines.html
Vader,https://www.azlyrics.com/v/vader.html
Vado,https://www.azlyrics.com/v/vado.html
Vagrants,https://www.azlyrics.com/v/vagrants.html
"Valance, Holly",https://www.azlyrics.com/v/valance.html
Vald,https://www.azlyrics.com/v/vald.html
"Valdez, Basil",https://www.azlyrics.com/b/basilvaldez.html
Valee,https://www.azlyrics.com/v/valee.html
Vale Lambo,https://www.azlyrics.com/v/valelambo.html
Valencia,https://www.azlyrics.com/v/valencia.html
"Valenciano, Gary",https://www.azlyrics.com/g/garyvalenciano.html
"Valenciano, Kiana",https://www.azlyrics.com/k/kianavalenciano.html
"Valens, Ritchie",https://www.azlyrics.com/r/ritchievalens.html
Valentina Ploy,https://www.azlyrics.com/v/valentinaploy.html
"Valentine, Brooke",https://www.azlyrics.com/b/brookevalentine.html
"Valentine, Desi",https://www.azlyrics.com/d/desivalentine.html
"Valentine, Justina",https://www.azlyrics.com/j/justinavalentine.html
Valentino,https://www.azlyrics.com/v/valentino.html
"Valentino, Bobby",https://www.azlyrics.com/b/bobbyvalentino.html
Vale Pain,https://www.azlyrics.com/v/valepain.html
"Valera, Rey",https://www.azlyrics.com/r/reyvalera.html
Valerie Broussard,https://www.azlyrics.com/v/valeriebroussard.html
Valerie June,https://www.azlyrics.com/v/valeriejune.html
Valleyheart,https://www.azlyrics.com/v/valleyheart.html
"Valli, Frankie",https://www.azlyrics.com/f/frankievalli.html
Vallis Alps,https://www.azlyrics.com/v/vallisalps.html
Valora,https://www.azlyrics.com/v/valora.html
Vampires Everywhere!,https://www.azlyrics.com/v/vampireseverywhere.html
Vampire Weekend,https://www.azlyrics.com/v/vampireweekend.html
"Vamps, The",https://www.azlyrics.com/v/vamps.html
"Van Buuren, Armin",https://www.azlyrics.com/a/arminvanbuuren.html
Van Canto,https://www.azlyrics.com/v/vancanto.html
"Vance, Foy",https://www.azlyrics.com/f/foyvance.html
Vance Joy,https://www.azlyrics.com/v/vancejoy.html
Vancouver Sleep Clinic,https://www.azlyrics.com/v/vancouversleepclinic.html
"Vandal, Jarreau",https://www.azlyrics.com/j/jarreauvandal.html
"Vandals, The",https://www.azlyrics.com/v/vandals.html
Vandenberg,https://www.azlyrics.com/v/vandenberg.html
"Van Der Pol, Anneliese",https://www.azlyrics.com/a/anneliesevanderpol.html
"VanderWaal, Grace",https://www.azlyrics.com/g/gracevanderwaal.html
"Vandross, Luther",https://www.azlyrics.com/v/vandross.html
"Van Dyk, Paul",https://www.azlyrics.com/p/paulvandyk.html
Van Echelpoel,https://www.azlyrics.com/v/vanechelpoel.html
Vanessa Amorosi,https://www.azlyrics.com/v/vanessaamorosi.html
Vanessa Carlton,https://www.azlyrics.com/c/carlton.html
Vanessa Hudgens,https://www.azlyrics.com/v/vanessahudgens.html
Vanessa Paradis,https://www.azlyrics.com/p/paradis.html
Vanessa Williams,https://www.azlyrics.com/v/vanessawilliams.html
"Van Etten, Sharon",https://www.azlyrics.com/s/sharonvanetten.html
Van Halen,https://www.azlyrics.com/v/vanhalen.html
Vanic,https://www.azlyrics.com/v/vanic.html
Vanilla Fudge,https://www.azlyrics.com/v/vanillafudge.html
Vanilla Ice,https://www.azlyrics.com/v/vanillaice.html
Vanilla Ninja,https://www.azlyrics.com/v/vanillaninja.html
Vanish,https://www.azlyrics.com/v/vanish.html
"Vanished, The",https://www.azlyrics.com/v/vanished.html
VanJess,https://www.azlyrics.com/v/vanjess.html
Van Morrison,https://www.azlyrics.com/v/vanmorrison.html
Vanna,https://www.azlyrics.com/v/vanna.html
"Vann, Ameer",https://www.azlyrics.com/a/ameervann.html
"Vannelli, Gino",https://www.azlyrics.com/g/ginovannelli.html
Vansire,https://www.azlyrics.com/v/vansire.html
"Van Zandt, Townes",https://www.azlyrics.com/t/townesvanzandt.html
Van Zant,https://www.azlyrics.com/v/vanzant.html
"Vapors, The",https://www.azlyrics.com/v/vapors.html
"Vargas, Alex",https://www.azlyrics.com/a/alexvargas.html
Vargas & Lagola,https://www.azlyrics.com/v/vargaslagola.html
"Vargen, Lilla",https://www.azlyrics.com/l/lillavargen.html
Varials,https://www.azlyrics.com/v/varials.html
"Varner, Elle",https://www.azlyrics.com/e/ellevarner.html
Varsity,https://www.azlyrics.com/v/varsity.html
Varsity Fanclub,https://www.azlyrics.com/v/varsityfanclub.html
Vasco Rossi,https://www.azlyrics.com/v/vascorossi.html
"Vaselines, The",https://www.azlyrics.com/v/vaselines.html
VaShawn Mitchell,https://www.azlyrics.com/v/vashawnmitchell.html
"Vasquez, Justin",https://www.azlyrics.com/j/justinvasquez.html
"Vassar, Phil",https://www.azlyrics.com/p/philvassar.html
VASSY,https://www.azlyrics.com/v/vassy.html
VAST,https://www.azlyrics.com/v/vast.html
Vaughan Penn,https://www.azlyrics.com/v/vaughanpenn.html
"Vaughan, Sarah",https://www.azlyrics.com/s/sarahvaughan.html
"Vaughan, Stevie Ray",https://www.azlyrics.com/v/vaughan.html
"Vaughn, Emily",https://www.azlyrics.com/e/emilyvaughn.html
"Vaular, Lars",https://www.azlyrics.com/l/larsvaular.html
Vaults,https://www.azlyrics.com/v/vaults.html
Vaux,https://www.azlyrics.com/v/vaux.html
VAX,https://www.azlyrics.com/v/vax.html
"Vazquez, Abraham",https://www.azlyrics.com/a/abrahamvazquez.html
"Vazquez, Mario",https://www.azlyrics.com/m/mariovazquez.html
Vaz Tè,https://www.azlyrics.com/v/vazte.html
V Bozeman,https://www.azlyrics.com/v/vbozeman.html
V (BTS),https://www.azlyrics.com/v/vbts.html
"Vedder, Eddie",https://www.azlyrics.com/e/eddievedder.html
Vedera,https://www.azlyrics.com/v/vedera.html
VEDO,https://www.azlyrics.com/v/vedo.html
"Vee, Bobby",https://www.azlyrics.com/b/bobbyvee.html
"Veer Union, The",https://www.azlyrics.com/v/veerunion.html
Vega4,https://www.azlyrics.com/v/vega4.html
"Vega, Alexa",https://www.azlyrics.com/a/alexavega.html
Vegas Jones,https://www.azlyrics.com/v/vegasjones.html
"Vega, Suzanne",https://www.azlyrics.com/v/vega.html
Vegedream,https://www.azlyrics.com/v/vegedream.html
"Veggies, Casey",https://www.azlyrics.com/c/caseyveggies.html
Veil Of Maya,https://www.azlyrics.com/v/veilofmaya.html
Vein,https://www.azlyrics.com/v/vein.html
"Veirs, Laura",https://www.azlyrics.com/l/lauraveirs.html
"Velasquez, Jaci",https://www.azlyrics.com/j/jacivelasquez.html
"Velasquez, Regine",https://www.azlyrics.com/r/reginevelasquez.html
Velet,https://www.azlyrics.com/v/velet.html
Velvet Empire,https://www.azlyrics.com/v/velvet.html
Velvet Revolver,https://www.azlyrics.com/v/velvetrevolver.html
"Velvet Underground, The",https://www.azlyrics.com/v/velvetunderground.html
"Venegas, Julieta",https://www.azlyrics.com/j/julietavenegas.html
Vengaboys,https://www.azlyrics.com/v/vengaboys.html
Venom,https://www.azlyrics.com/v/venom.html
Veorra,https://www.azlyrics.com/v/veorra.html
Vera Blue,https://www.azlyrics.com/v/verablue.html
"Vera, Danny",https://www.azlyrics.com/d/dannyvera.html
Vera Lynn,https://www.azlyrics.com/v/veralynn.html
VERBEE,https://www.azlyrics.com/v/verbee.html
"Verdes, Tai",https://www.azlyrics.com/t/taiverdes.html
Veridia,https://www.azlyrics.com/v/veridia.html
VÉRITÉ,https://www.azlyrics.com/v/verite.html
VERIVERY,https://www.azlyrics.com/v/verivery.html
"Verma, Gajendra",https://www.azlyrics.com/g/gajendraverma.html
Vern Gosdin,https://www.azlyrics.com/v/verngosdin.html
Veronica Maggio,https://www.azlyrics.com/v/veronicamaggio.html
"Veronicas, The",https://www.azlyrics.com/v/veronicas.html
"Verraros, Jim",https://www.azlyrics.com/j/jimverraros.html
VersaEmerge,https://www.azlyrics.com/v/versaemerge.html
Verse Simmonds,https://www.azlyrics.com/v/versesimmonds.html
Versus Battle,https://www.azlyrics.com/v/versusbattle.html
Vertical Horizon,https://www.azlyrics.com/v/vertical.html
Vertical Worship,https://www.azlyrics.com/v/verticalworship.html
Veruca Salt,https://www.azlyrics.com/v/veruca.html
"Verve Pipe, The",https://www.azlyrics.com/v/vervepipe.html
"Verve, The",https://www.azlyrics.com/v/verve.html
Verzache,https://www.azlyrics.com/v/verzache.html
Vesala,https://www.azlyrics.com/v/vesala.html
Vetiver,https://www.azlyrics.com/v/vetiver.html
Vetusta Morla,https://www.azlyrics.com/v/vetustamorla.html
Vex Red,https://www.azlyrics.com/v/vexred.html
Veysel,https://www.azlyrics.com/v/veysel.html
VHS Collection,https://www.azlyrics.com/v/vhscollection.html
VI-3,https://www.azlyrics.com/v/vi3.html
"Vianna, Nikki",https://www.azlyrics.com/n/nikkivianna.html
Vianney,https://www.azlyrics.com/v/vianney.html
Via Ortega,https://www.azlyrics.com/v/viaortega.html
Via Vallen,https://www.azlyrics.com/v/viavallen.html
V.I.C.,https://www.azlyrics.com/v/vic.html
Vicci Martinez,https://www.azlyrics.com/v/viccimartinez.html
Vice,https://www.azlyrics.com/v/vice.html
Vice Ganda,https://www.azlyrics.com/v/viceganda.html
Vicente Fernandez,https://www.azlyrics.com/v/vicentefernandez.html
Vicetone,https://www.azlyrics.com/v/vicetone.html
Vickeblanka,https://www.azlyrics.com/v/vickeblanka.html
"Vickers, Diana",https://www.azlyrics.com/d/dianavickers.html
"Vickery, James",https://www.azlyrics.com/j/jamesvickery.html
Vicki Lawrence,https://www.azlyrics.com/v/vickilawrence.html
Vic Mensa,https://www.azlyrics.com/v/vicmensa.html
Victims Aren't We All,https://www.azlyrics.com/v/victimsarentweall.html
VICTON,https://www.azlyrics.com/v/victon.html
Victoria Beckham,https://www.azlyrics.com/b/beckham.html
Victoria Duffield,https://www.azlyrics.com/v/victoriaduffield.html
Victoria Justice,https://www.azlyrics.com/v/victoriajustice.html
Victoria Monét,https://www.azlyrics.com/v/victoria-monet.html
Victorious Cast,https://www.azlyrics.com/v/victoriouscast.html
Victor Leksell,https://www.azlyrics.com/v/victorleksell.html
Victor Oladipo,https://www.azlyrics.com/v/victoroladipo.html
Victory Worship,https://www.azlyrics.com/v/victoryworship.html
Vidya Vox,https://www.azlyrics.com/v/vidyavox.html
Vienna Teng,https://www.azlyrics.com/v/viennateng.html
"View, The",https://www.azlyrics.com/v/view.html
Vigiland,https://www.azlyrics.com/v/vigiland.html
Viktor Sheen,https://www.azlyrics.com/v/viktorsheen.html
"Vile, Kurt",https://www.azlyrics.com/k/kurtvile.html
VillaBanks,https://www.azlyrics.com/v/villabanks.html
Village People,https://www.azlyrics.com/v/villagepeople.html
Villagers,https://www.azlyrics.com/v/villagers.html
"Villegas, Jasmine",https://www.azlyrics.com/j/jasminevillegas.html
"Villere, Zack",https://www.azlyrics.com/z/zackvillere.html
Ville Valo,https://www.azlyrics.com/v/villevalo.html
VIMIC,https://www.azlyrics.com/v/vimic.html
VINAI,https://www.azlyrics.com/v/vinai.html
Vince Gill,https://www.azlyrics.com/v/vincegill.html
Vince Neil,https://www.azlyrics.com/v/vinceneil.html
"Vincent, Joseph",https://www.azlyrics.com/j/josephvincent.html
"Vincent, Rhonda",https://www.azlyrics.com/r/rhondavincent.html
Vince Staples,https://www.azlyrics.com/v/vincestaples.html
Vinchenzo,https://www.azlyrics.com/v/vinchenzo.html
Vindata,https://www.azlyrics.com/v/vindata.html
Vin Diesel,https://www.azlyrics.com/v/vindiesel.html
"Vine, Bryce",https://www.azlyrics.com/b/brycevine.html
"Vines, The",https://www.azlyrics.com/v/vines.html
Vin Jay,https://www.azlyrics.com/v/vinjay.html
Vinnie Paz,https://www.azlyrics.com/v/vinniepaz.html
Vinnie Vincent Invasion,https://www.azlyrics.com/v/vinnievincentinvasion.html
Vinny West,https://www.azlyrics.com/v/vinnywest.html
Vintage Culture,https://www.azlyrics.com/v/vintageculture.html
"Vinton, Bobby",https://www.azlyrics.com/b/bobbyvinton.html
Vinyl Theatre,https://www.azlyrics.com/v/vinyltheatre.html
Vio,https://www.azlyrics.com/v/vio.html
Viola Beach,https://www.azlyrics.com/v/violabeach.html
Violent Femmes,https://www.azlyrics.com/v/violentfemmes.html
Violent Soho,https://www.azlyrics.com/v/violentsoho.html
Violetta Cast,https://www.azlyrics.com/v/violettacast.html
"Violet, Tessa",https://www.azlyrics.com/t/tessaviolet.html
"Viphurit, Phum",https://www.azlyrics.com/p/phumviphurit.html
Virginia To Vegas,https://www.azlyrics.com/v/virginiatovegas.html
"Virginmarys, The",https://www.azlyrics.com/v/virginmarys.html
"Virgins, The",https://www.azlyrics.com/v/virgins.html
"Virgo, Romain",https://www.azlyrics.com/r/romainvirgo.html
Virgoun,https://www.azlyrics.com/v/virgoun.html
Virlán García,https://www.azlyrics.com/v/virlangarcia.html
Virzha,https://www.azlyrics.com/v/virzha.html
Visage,https://www.azlyrics.com/v/visage.html
Vision Divine,https://www.azlyrics.com/v/visiondivine.html
Visions Of Atlantis,https://www.azlyrics.com/v/visionsofatlantis.html
Vistas,https://www.azlyrics.com/v/vistas.html
Vistoso Bosses,https://www.azlyrics.com/v/vistosobosses.html
Vitaa,https://www.azlyrics.com/v/vitaa.html
Vitamin C,https://www.azlyrics.com/v/vitaminc.html
Vitor Kley,https://www.azlyrics.com/v/vitorkley.html
"Vittar, Pabllo",https://www.azlyrics.com/p/pabllovittar.html
"Vives, Carlos",https://www.azlyrics.com/c/carlosvives.html
Vivian Green,https://www.azlyrics.com/g/green.html
Vixen,https://www.azlyrics.com/v/vixen.html
VIXX,https://www.azlyrics.com/v/vixx.html
"Viz, Chris",https://www.azlyrics.com/c/chrisviz.html
VNM,https://www.azlyrics.com/v/vnm.html
VNV Nation,https://www.azlyrics.com/v/vnvnation.html
"Voegele, Kate",https://www.azlyrics.com/k/katevoegele.html
"Vogues, The",https://www.azlyrics.com/v/vogues.html
Voices Of Theory,https://www.azlyrics.com/v/voicesoftheory.html
Void Of Vision,https://www.azlyrics.com/v/voidofvision.html
"Void, Steve",https://www.azlyrics.com/s/stevevoid.html
Voivod,https://www.azlyrics.com/v/voivod.html
Vök,https://www.azlyrics.com/v/vok.html
Volbeat,https://www.azlyrics.com/v/volbeat.html
Volcano Choir,https://www.azlyrics.com/v/volcanochoir.html
"Vollebekk, Leif",https://www.azlyrics.com/l/leifvollebekk.html
Voltaire,https://www.azlyrics.com/v/voltaire.html
Volumes,https://www.azlyrics.com/v/volumes.html
"Von Bondies, The",https://www.azlyrics.com/v/vonbondies.html
"Von Hugel, Brielle",https://www.azlyrics.com/b/briellevonhugel.html
Von Wegen Lisbeth,https://www.azlyrics.com/v/vonwegenlisbeth.html
"Vos, Ella",https://www.azlyrics.com/e/ellavos.html
Voz De Mando,https://www.azlyrics.com/v/vozdemando.html
VS,https://www.azlyrics.com/v/vs.html
VST & Company,https://www.azlyrics.com/v/vstcompany.html
VTORNIK,https://www.azlyrics.com/v/vtornik.html
Vuk Mob,https://www.azlyrics.com/v/vukmob.html
"Vula, Ledri",https://www.azlyrics.com/l/ledrivula.html
Vulfpeck,https://www.azlyrics.com/v/vulfpeck.html
Vundabar,https://www.azlyrics.com/v/vundabar.html
VVAVES,https://www.azlyrics.com/v/vvaves.html
VV Brown,https://www.azlyrics.com/v/vvbrown.html
VVS Collective,https://www.azlyrics.com/v/vvscollective.html
V $ X V PRiNCE,https://www.azlyrics.com/v/vxvprince.html
Vybz Kartel,https://www.azlyrics.com/v/vybzkartel.html
