X1,https://www.azlyrics.com/x/x1.html
Xamã,https://www.azlyrics.com/x/xama.html
X Ambassadors,https://www.azlyrics.com/x/xambassadors.html
Xandria,https://www.azlyrics.com/x/xandria.html
Xanman,https://www.azlyrics.com/x/xanman.html
XATAR,https://www.azlyrics.com/x/xatar.html
Xavier Omär,https://www.azlyrics.com/x/xavieromar.html
Xavier Rudd,https://www.azlyrics.com/x/xavierrudd.html
Xavier Weeks,https://www.azlyrics.com/x/xavierweeks.html
Xavier Wulf,https://www.azlyrics.com/x/xavierwulf.html
Xcho,https://www.azlyrics.com/x/xcho.html
Xenia,https://www.azlyrics.com/x/xenia.html
Ximena Sariñana,https://www.azlyrics.com/x/ximenasarinana.html
XiR,https://www.azlyrics.com/x/xir.html
Xiumin,https://www.azlyrics.com/x/xiumin.html
X Japan,https://www.azlyrics.com/x/xjapan.html
X Lovers,https://www.azlyrics.com/x/xlovers.html
XL The Band,https://www.azlyrics.com/x/xltheband.html
XO-IQ,https://www.azlyrics.com/x/xoiq.html
XOV,https://www.azlyrics.com/x/xov.html
Xscape,https://www.azlyrics.com/x/xscape.html
XTC,https://www.azlyrics.com/x/xtc.html
Xtreme,https://www.azlyrics.com/x/xtreme.html
Xuitcasecity,https://www.azlyrics.com/x/xuitcasecity.html
XV,https://www.azlyrics.com/x/xv.html
XXL,https://www.azlyrics.com/x/xxl.html
"xx, The",https://www.azlyrics.com/x/xx.html
XXXTENTACION,https://www.azlyrics.com/x/xxxtentacion.html
XYLØ,https://www.azlyrics.com/x/xylo.html
Xzibit,https://www.azlyrics.com/x/xzibit.html
